surface,kana,source_id,reason,notes
"全国市部","ぜんこくしぶ","estat-region-codes","notable_geography","broad or highly recognizable geography label"
"全国郡部","ぜんこくぐんぶ","estat-region-codes","notable_geography","broad or highly recognizable geography label"
"凍え死に","こごえじに","ninjal-basic-vocab-2009","sensitive_surface:死",""
"殺人","さつじん","ninjal-basic-vocab-2009","sensitive_surface:殺人",""
"死刑","しけい","ninjal-basic-vocab-2009","sensitive_surface:死",""
"自殺","じさつ","ninjal-basic-vocab-2009","sensitive_surface:自殺",""
"死者","ししゃ","ninjal-basic-vocab-2009","sensitive_surface:死",""
"死に物狂い","しにものぐるい","ninjal-basic-vocab-2009","sensitive_surface:死",""
"生死","せいし","ninjal-basic-vocab-2009","sensitive_surface:死",""
"戦死","せんし","ninjal-basic-vocab-2009","sensitive_surface:死",""
"犯罪","はんざい","ninjal-basic-vocab-2009","sensitive_surface:犯罪",""
"必死","ひっし","ninjal-basic-vocab-2009","sensitive_surface:死",""
"病死","びょうし","ninjal-basic-vocab-2009","sensitive_surface:死",""
"暴力","ぼうりょく","ninjal-basic-vocab-2009","sensitive_surface:暴力",""
"暴力団","ぼうりょくだん","ninjal-basic-vocab-2009","sensitive_surface:暴力",""
"ああ","ああ","ninjal-educational-vocab-1984","review_all_source","source is configured for manual review"
"愛","あい","ninjal-educational-vocab-1984","duplicate_kana_cross_source","same kana already accepted from ninjal-basic-vocab-2009"
"挨拶","あいさつ","ninjal-educational-vocab-1984","duplicate_kana_cross_source","same kana already accepted from ninjal-basic-vocab-2009"
"合図","あいず","ninjal-educational-vocab-1984","duplicate_kana_cross_source","same kana already accepted from ninjal-basic-vocab-2009"
"愛","あいする","ninjal-educational-vocab-1984","review_all_source","source is configured for manual review"
"間","あいだ","ninjal-educational-vocab-1984","duplicate_kana_cross_source","same kana already accepted from ninjal-basic-vocab-2009"
"相手","あいて","ninjal-educational-vocab-1984","duplicate_kana_cross_source","same kana already accepted from ninjal-basic-vocab-2009"
"あう","あう","ninjal-educational-vocab-1984","review_all_source","source is configured for manual review"
"青","あお","ninjal-educational-vocab-1984","duplicate_kana_cross_source","same kana already accepted from ninjal-basic-vocab-2009"
"青","あおい","ninjal-educational-vocab-1984","review_all_source","source is configured for manual review"
"赤","あか","ninjal-educational-vocab-1984","duplicate_kana_cross_source","same kana already accepted from ninjal-basic-vocab-2009"
"赤","あかい","ninjal-educational-vocab-1984","review_all_source","source is configured for manual review"
"明","あかり","ninjal-educational-vocab-1984","duplicate_kana_cross_source","same kana already accepted from ninjal-basic-vocab-2009"
"上","あがる","ninjal-educational-vocab-1984","review_all_source","source is configured for manual review"
"明","あかるい","ninjal-educational-vocab-1984","review_all_source","source is configured for manual review"
"赤坊","あかんぼう","ninjal-educational-vocab-1984","duplicate_kana_cross_source","same kana already accepted from ninjal-basic-vocab-2009"
"秋","あき","ninjal-educational-vocab-1984","duplicate_kana_cross_source","same kana already accepted from ninjal-basic-vocab-2009"
"あきらめる","あきらめる","ninjal-educational-vocab-1984","review_all_source","source is configured for manual review"
"飽","あきる","ninjal-educational-vocab-1984","review_all_source","source is configured for manual review"
"開","あく","ninjal-educational-vocab-1984","duplicate_kana_cross_source","same kana already accepted from ninjal-basic-vocab-2009"
"握手","あくしゅ","ninjal-educational-vocab-1984","duplicate_kana_cross_source","same kana already accepted from ninjal-basic-vocab-2009"
"アクセント","あくせんと","ninjal-educational-vocab-1984","duplicate_kana_cross_source","same kana already accepted from ninjal-basic-vocab-2009"
"あける","あける","ninjal-educational-vocab-1984","review_all_source","source is configured for manual review"
"上","あげる","ninjal-educational-vocab-1984","review_all_source","source is configured for manual review"
"顎","あご","ninjal-educational-vocab-1984","duplicate_kana_cross_source","same kana already accepted from ninjal-basic-vocab-2009"
"朝","あさ","ninjal-educational-vocab-1984","duplicate_kana_cross_source","same kana already accepted from ninjal-basic-vocab-2009"
"浅","あさい","ninjal-educational-vocab-1984","review_all_source","source is configured for manual review"
"明後日","あさって","ninjal-educational-vocab-1984","review_all_source","source is configured for manual review"
"足","あし","ninjal-educational-vocab-1984","duplicate_kana_cross_source","same kana already accepted from ninjal-basic-vocab-2009"
"味","あじ","ninjal-educational-vocab-1984","duplicate_kana_cross_source","same kana already accepted from ninjal-basic-vocab-2009"
"明日","あした","ninjal-educational-vocab-1984","review_all_source","source is configured for manual review"
"預","あずかる","ninjal-educational-vocab-1984","review_all_source","source is configured for manual review"
"預","あずける","ninjal-educational-vocab-1984","review_all_source","source is configured for manual review"
"汗","あせ","ninjal-educational-vocab-1984","duplicate_kana_cross_source","same kana already accepted from ninjal-basic-vocab-2009"
"あそこ","あそこ","ninjal-educational-vocab-1984","review_all_source","source is configured for manual review"
"遊","あそぶ","ninjal-educational-vocab-1984","review_all_source","source is configured for manual review"
"与","あたえる","ninjal-educational-vocab-1984","review_all_source","source is configured for manual review"
"暖","あたたかいな","ninjal-educational-vocab-1984","review_all_source","source is configured for manual review"
"暖","あたためる","ninjal-educational-vocab-1984","review_all_source","source is configured for manual review"
"頭","あたま","ninjal-educational-vocab-1984","duplicate_kana_cross_source","same kana already accepted from ninjal-basic-vocab-2009"
"新","あたらしい","ninjal-educational-vocab-1984","review_all_source","source is configured for manual review"
"辺","あたり","ninjal-educational-vocab-1984","duplicate_kana_cross_source","same kana already accepted from ninjal-basic-vocab-2009"
"当前","あたりまえ","ninjal-educational-vocab-1984","review_all_source","source is configured for manual review"
"当","あたる","ninjal-educational-vocab-1984","review_all_source","source is configured for manual review"
"厚","あつい","ninjal-educational-vocab-1984","review_all_source","source is configured for manual review"
"扱","あつかう","ninjal-educational-vocab-1984","review_all_source","source is configured for manual review"
"集","あつまる","ninjal-educational-vocab-1984","review_all_source","source is configured for manual review"
"集","あつめる","ninjal-educational-vocab-1984","review_all_source","source is configured for manual review"
"当","あてる","ninjal-educational-vocab-1984","review_all_source","source is configured for manual review"
"後","あと","ninjal-educational-vocab-1984","duplicate_kana_cross_source","same kana already accepted from ninjal-basic-vocab-2009"
"穴","あな","ninjal-educational-vocab-1984","duplicate_kana_cross_source","same kana already accepted from ninjal-basic-vocab-2009"
"貴方","あなた","ninjal-educational-vocab-1984","review_all_source","source is configured for manual review"
"兄","あに","ninjal-educational-vocab-1984","duplicate_kana_cross_source","same kana already accepted from ninjal-basic-vocab-2009"
"姉","あね","ninjal-educational-vocab-1984","duplicate_kana_cross_source","same kana already accepted from ninjal-basic-vocab-2009"
"ね","あの","ninjal-educational-vocab-1984","review_all_source","source is configured for manual review"
"アパート","あぱーと","ninjal-educational-vocab-1984","duplicate_kana_cross_source","same kana already accepted from ninjal-basic-vocab-2009"
"危","あぶない","ninjal-educational-vocab-1984","review_all_source","source is configured for manual review"
"あぶら","あぶら","ninjal-educational-vocab-1984","duplicate_kana_cross_source","same kana already accepted from ninjal-basic-vocab-2009"
"甘","あまい","ninjal-educational-vocab-1984","review_all_source","source is configured for manual review"
"余","あまる","ninjal-educational-vocab-1984","review_all_source","source is configured for manual review"
"網","あみ","ninjal-educational-vocab-1984","duplicate_kana_cross_source","same kana already accepted from ninjal-basic-vocab-2009"
"雨","あめ","ninjal-educational-vocab-1984","duplicate_kana_cross_source","same kana already accepted from ninjal-basic-vocab-2009"
"謝","あやまる","ninjal-educational-vocab-1984","review_all_source","source is configured for manual review"
"あら","あら","ninjal-educational-vocab-1984","review_all_source","source is configured for manual review"
"洗","あらう","ninjal-educational-vocab-1984","review_all_source","source is configured for manual review"
"争","あらそう","ninjal-educational-vocab-1984","review_all_source","source is configured for manual review"
"改","あらためる","ninjal-educational-vocab-1984","review_all_source","source is configured for manual review"
"あらゆる","あらゆる","ninjal-educational-vocab-1984","review_all_source","source is configured for manual review"
"あらわす","あらわす","ninjal-educational-vocab-1984","review_all_source","source is configured for manual review"
"現","あらわれる","ninjal-educational-vocab-1984","review_all_source","source is configured for manual review"
"有難","ありがたい","ninjal-educational-vocab-1984","review_all_source","source is configured for manual review"
"有難","ありがとう","ninjal-educational-vocab-1984","review_all_source","source is configured for manual review"
"有","ある","ninjal-educational-vocab-1984","review_all_source","source is configured for manual review"
"あるいは","あるいは","ninjal-educational-vocab-1984","review_all_source","source is configured for manual review"
"歩","あるく","ninjal-educational-vocab-1984","review_all_source","source is configured for manual review"
"あれ","あれ","ninjal-educational-vocab-1984","duplicate_kana_cross_source","same kana already accepted from ninjal-basic-vocab-2009"
"合","あわせる","ninjal-educational-vocab-1984","review_all_source","source is configured for manual review"
"慌","あわてる","ninjal-educational-vocab-1984","review_all_source","source is configured for manual review"
"案外","あんがい","ninjal-educational-vocab-1984","review_all_source","source is configured for manual review"
"安心","あんしん","ninjal-educational-vocab-1984","duplicate_kana_cross_source","same kana already accepted from ninjal-basic-vocab-2009"
"安全","あんぜん","ninjal-educational-vocab-1984","duplicate_kana_cross_source","same kana already accepted from ninjal-basic-vocab-2009"
"あんな","あんな","ninjal-educational-vocab-1984","review_all_source","source is configured for manual review"
"案内","あんない","ninjal-educational-vocab-1984","duplicate_kana_cross_source","same kana already accepted from ninjal-basic-vocab-2009"
"家","いえ","ninjal-educational-vocab-1984","duplicate_kana_cross_source","same kana already accepted from ninjal-basic-vocab-2009"
"以下","いか","ninjal-educational-vocab-1984","duplicate_kana_cross_source","same kana already accepted from ninjal-basic-vocab-2009"
"以外","いがい","ninjal-educational-vocab-1984","duplicate_kana_cross_source","same kana already accepted from ninjal-basic-vocab-2009"
"いかが","いかが","ninjal-educational-vocab-1984","review_all_source","source is configured for manual review"
"息","いき","ninjal-educational-vocab-1984","duplicate_kana_cross_source","same kana already accepted from ninjal-basic-vocab-2009"
"勢","いきおい","ninjal-educational-vocab-1984","duplicate_kana_cross_source","same kana already accepted from ninjal-basic-vocab-2009"
"生","いきる","ninjal-educational-vocab-1984","review_all_source","source is configured for manual review"
"幾","いくつ","ninjal-educational-vocab-1984","duplicate_kana_cross_source","same kana already accepted from ninjal-basic-vocab-2009"
"幾","いくら","ninjal-educational-vocab-1984","duplicate_kana_cross_source","same kana already accepted from ninjal-basic-vocab-2009"
"池","いけ","ninjal-educational-vocab-1984","duplicate_kana_cross_source","same kana already accepted from ninjal-basic-vocab-2009"
"いけない","いけない","ninjal-educational-vocab-1984","review_all_source","source is configured for manual review"
"意見","いけん","ninjal-educational-vocab-1984","duplicate_kana_cross_source","same kana already accepted from ninjal-basic-vocab-2009"
"以後","いご","ninjal-educational-vocab-1984","duplicate_kana_cross_source","same kana already accepted from ninjal-basic-vocab-2009"
"勇","いさましい","ninjal-educational-vocab-1984","review_all_source","source is configured for manual review"
"石","いし","ninjal-educational-vocab-1984","duplicate_kana_cross_source","same kana already accepted from ninjal-basic-vocab-2009"
"医者","いしゃ","ninjal-educational-vocab-1984","duplicate_kana_cross_source","same kana already accepted from ninjal-basic-vocab-2009"
"以上","いじょう","ninjal-educational-vocab-1984","duplicate_kana_cross_source","same kana already accepted from ninjal-basic-vocab-2009"
"椅子","いす","ninjal-educational-vocab-1984","duplicate_kana_cross_source","same kana already accepted from ninjal-basic-vocab-2009"
"以前","いぜん","ninjal-educational-vocab-1984","duplicate_kana_cross_source","same kana already accepted from ninjal-basic-vocab-2009"
"忙","いそがしい","ninjal-educational-vocab-1984","review_all_source","source is configured for manual review"
"急","いそぐ","ninjal-educational-vocab-1984","review_all_source","source is configured for manual review"
"板","いた","ninjal-educational-vocab-1984","duplicate_kana_cross_source","same kana already accepted from ninjal-basic-vocab-2009"
"痛","いたい","ninjal-educational-vocab-1984","review_all_source","source is configured for manual review"
"致","いたす","ninjal-educational-vocab-1984","review_all_source","source is configured for manual review"
"いたずら","いたずら","ninjal-educational-vocab-1984","review_all_source","source is configured for manual review"
"いただきます","いただきます","ninjal-educational-vocab-1984","review_all_source","source is configured for manual review"
"いただく","いただく","ninjal-educational-vocab-1984","review_all_source","source is configured for manual review"
"痛","いたむ","ninjal-educational-vocab-1984","review_all_source","source is configured for manual review"
"一","いち","ninjal-educational-vocab-1984","duplicate_kana_cross_source","same kana already accepted from ninjal-basic-vocab-2009"
"一応","いちおう","ninjal-educational-vocab-1984","review_all_source","source is configured for manual review"
"一度","いちどに","ninjal-educational-vocab-1984","review_all_source","source is configured for manual review"
"一番","いちばん","ninjal-educational-vocab-1984","duplicate_kana_cross_source","same kana already accepted from ninjal-basic-vocab-2009"
"一部","いちぶ","ninjal-educational-vocab-1984","duplicate_kana_cross_source","same kana already accepted from ninjal-basic-vocab-2009"
"何時","いつ","ninjal-educational-vocab-1984","review_all_source","source is configured for manual review"
"五日","いつか","ninjal-educational-vocab-1984","duplicate_kana_cross_source","same kana already accepted from ninjal-basic-vocab-2009"
"一緒","いっしょ","ninjal-educational-vocab-1984","duplicate_kana_cross_source","same kana already accepted from ninjal-basic-vocab-2009"
"一生","いっしょう","ninjal-educational-vocab-1984","duplicate_kana_cross_source","same kana already accepted from ninjal-basic-vocab-2009"
"一層","いっそう","ninjal-educational-vocab-1984","review_all_source","source is configured for manual review"
"五","いつつ","ninjal-educational-vocab-1984","duplicate_kana_cross_source","same kana already accepted from ninjal-basic-vocab-2009"
"いっぱい","いっぱい","ninjal-educational-vocab-1984","duplicate_kana_cross_source","same kana already accepted from ninjal-basic-vocab-2009"
"一般","いっぱんに","ninjal-educational-vocab-1984","review_all_source","source is configured for manual review"
"一方","いっぽう","ninjal-educational-vocab-1984","duplicate_kana_cross_source","same kana already accepted from ninjal-basic-vocab-2009"
"いつも","いつも","ninjal-educational-vocab-1984","review_all_source","source is configured for manual review"
"糸","いと","ninjal-educational-vocab-1984","duplicate_kana_cross_source","same kana already accepted from ninjal-basic-vocab-2009"
"従弟妹","いとこ","ninjal-educational-vocab-1984","review_all_source","source is configured for manual review"
"以内","いない","ninjal-educational-vocab-1984","duplicate_kana_cross_source","same kana already accepted from ninjal-basic-vocab-2009"
"田舎","いなか","ninjal-educational-vocab-1984","review_all_source","source is configured for manual review"
"犬","いぬ","ninjal-educational-vocab-1984","duplicate_kana_cross_source","same kana already accepted from ninjal-basic-vocab-2009"
"稲","いね","ninjal-educational-vocab-1984","duplicate_kana_cross_source","same kana already accepted from ninjal-basic-vocab-2009"
"命","いのち","ninjal-educational-vocab-1984","duplicate_kana_cross_source","same kana already accepted from ninjal-basic-vocab-2009"
"祈","いのる","ninjal-educational-vocab-1984","review_all_source","source is configured for manual review"
"違反","いはん","ninjal-educational-vocab-1984","duplicate_kana_cross_source","same kana already accepted from ninjal-basic-vocab-2009"
"今","いまに","ninjal-educational-vocab-1984","review_all_source","source is configured for manual review"
"意味","いみ","ninjal-educational-vocab-1984","duplicate_kana_cross_source","same kana already accepted from ninjal-basic-vocab-2009"
"妹","いもうと","ninjal-educational-vocab-1984","duplicate_kana_cross_source","same kana already accepted from ninjal-basic-vocab-2009"
"否","いや","ninjal-educational-vocab-1984","review_all_source","source is configured for manual review"
"いらっしゃる","いらっしゃる","ninjal-educational-vocab-1984","review_all_source","source is configured for manual review"
"入口","いりぐち","ninjal-educational-vocab-1984","duplicate_kana_cross_source","same kana already accepted from ninjal-basic-vocab-2009"
"要","いる","ninjal-educational-vocab-1984","review_all_source","source is configured for manual review"
"入","いれる","ninjal-educational-vocab-1984","review_all_source","source is configured for manual review"
"色","いろ","ninjal-educational-vocab-1984","duplicate_kana_cross_source","same kana already accepted from ninjal-basic-vocab-2009"
"いろいろ","いろいろ","ninjal-educational-vocab-1984","duplicate_kana_cross_source","same kana already accepted from ninjal-basic-vocab-2009"
"いろんな","いろんな","ninjal-educational-vocab-1984","review_all_source","source is configured for manual review"
"岩","いわ","ninjal-educational-vocab-1984","duplicate_kana_cross_source","same kana already accepted from ninjal-basic-vocab-2009"
"祝","いわう","ninjal-educational-vocab-1984","review_all_source","source is configured for manual review"
"印刷","いんさつ","ninjal-educational-vocab-1984","duplicate_kana_cross_source","same kana already accepted from ninjal-basic-vocab-2009"
"印象","いんしょう","ninjal-educational-vocab-1984","duplicate_kana_cross_source","same kana already accepted from ninjal-basic-vocab-2009"
"植","うえる","ninjal-educational-vocab-1984","review_all_source","source is configured for manual review"
"伺","うかがう","ninjal-educational-vocab-1984","review_all_source","source is configured for manual review"
"浮","うかぶ","ninjal-educational-vocab-1984","review_all_source","source is configured for manual review"
"浮","うく","ninjal-educational-vocab-1984","review_all_source","source is configured for manual review"
"受付","うけつけ","ninjal-educational-vocab-1984","duplicate_kana_cross_source","same kana already accepted from ninjal-basic-vocab-2009"
"受取","うけとる","ninjal-educational-vocab-1984","review_all_source","source is configured for manual review"
"受","うける","ninjal-educational-vocab-1984","review_all_source","source is configured for manual review"
"動","うごかす","ninjal-educational-vocab-1984","review_all_source","source is configured for manual review"
"動","うごく","ninjal-educational-vocab-1984","review_all_source","source is configured for manual review"
"牛","うし","ninjal-educational-vocab-1984","duplicate_kana_cross_source","same kana already accepted from ninjal-basic-vocab-2009"
"後","うしろ","ninjal-educational-vocab-1984","duplicate_kana_cross_source","same kana already accepted from ninjal-basic-vocab-2009"
"薄","うすい","ninjal-educational-vocab-1984","review_all_source","source is configured for manual review"
"うそ","うそ","ninjal-educational-vocab-1984","duplicate_kana_cross_source","same kana already accepted from ninjal-basic-vocab-2009"
"歌","うた","ninjal-educational-vocab-1984","duplicate_kana_cross_source","same kana already accepted from ninjal-basic-vocab-2009"
"歌","うたう","ninjal-educational-vocab-1984","review_all_source","source is configured for manual review"
"疑","うたがう","ninjal-educational-vocab-1984","review_all_source","source is configured for manual review"
"うち","うち","ninjal-educational-vocab-1984","duplicate_kana_cross_source","same kana already accepted from ninjal-basic-vocab-2009"
"うつ","うつ","ninjal-educational-vocab-1984","review_all_source","source is configured for manual review"
"うっかり","うっかり","ninjal-educational-vocab-1984","review_all_source","source is configured for manual review"
"美","うつくしい","ninjal-educational-vocab-1984","review_all_source","source is configured for manual review"
"うつす","うつす","ninjal-educational-vocab-1984","review_all_source","source is configured for manual review"
"移","うつる","ninjal-educational-vocab-1984","review_all_source","source is configured for manual review"
"腕","うで","ninjal-educational-vocab-1984","duplicate_kana_cross_source","same kana already accepted from ninjal-basic-vocab-2009"
"馬","うま","ninjal-educational-vocab-1984","duplicate_kana_cross_source","same kana already accepted from ninjal-basic-vocab-2009"
"うまい","うまい","ninjal-educational-vocab-1984","review_all_source","source is configured for manual review"
"生","うまれる","ninjal-educational-vocab-1984","review_all_source","source is configured for manual review"
"海","うみ","ninjal-educational-vocab-1984","duplicate_kana_cross_source","same kana already accepted from ninjal-basic-vocab-2009"
"産","うむ","ninjal-educational-vocab-1984","duplicate_kana_cross_source","same kana already accepted from ninjal-basic-vocab-2009"
"裏","うら","ninjal-educational-vocab-1984","duplicate_kana_cross_source","same kana already accepted from ninjal-basic-vocab-2009"
"うらやましい","うらやましい","ninjal-educational-vocab-1984","review_all_source","source is configured for manual review"
"売","うる","ninjal-educational-vocab-1984","review_all_source","source is configured for manual review"
"うるさい","うるさい","ninjal-educational-vocab-1984","review_all_source","source is configured for manual review"
"嬉","うれしい","ninjal-educational-vocab-1984","review_all_source","source is configured for manual review"
"売","うれる","ninjal-educational-vocab-1984","review_all_source","source is configured for manual review"
"上着","うわぎ","ninjal-educational-vocab-1984","duplicate_kana_cross_source","same kana already accepted from ninjal-basic-vocab-2009"
"噂","うわさ","ninjal-educational-vocab-1984","duplicate_kana_cross_source","same kana already accepted from ninjal-basic-vocab-2009"
"うん","うん","ninjal-educational-vocab-1984","duplicate_kana_cross_source","same kana already accepted from ninjal-basic-vocab-2009"
"運転","うんてん","ninjal-educational-vocab-1984","duplicate_kana_cross_source","same kana already accepted from ninjal-basic-vocab-2009"
"運動","うんどう","ninjal-educational-vocab-1984","duplicate_kana_cross_source","same kana already accepted from ninjal-basic-vocab-2009"
"映画","えいが","ninjal-educational-vocab-1984","duplicate_kana_cross_source","same kana already accepted from ninjal-basic-vocab-2009"
"影響","えいきょう","ninjal-educational-vocab-1984","duplicate_kana_cross_source","same kana already accepted from ninjal-basic-vocab-2009"
"英語","えいご","ninjal-educational-vocab-1984","duplicate_kana_cross_source","same kana already accepted from ninjal-basic-vocab-2009"
"栄養","えいよう","ninjal-educational-vocab-1984","duplicate_kana_cross_source","same kana already accepted from ninjal-basic-vocab-2009"
"ええ","ええ","ninjal-educational-vocab-1984","review_all_source","source is configured for manual review"
"駅","えき","ninjal-educational-vocab-1984","duplicate_kana_cross_source","same kana already accepted from ninjal-basic-vocab-2009"
"枝","えだ","ninjal-educational-vocab-1984","duplicate_kana_cross_source","same kana already accepted from ninjal-basic-vocab-2009"
"偉","えらい","ninjal-educational-vocab-1984","review_all_source","source is configured for manual review"
"選","えらぶ","ninjal-educational-vocab-1984","review_all_source","source is configured for manual review"
"円","えん","ninjal-educational-vocab-1984","duplicate_kana_cross_source","same kana already accepted from ninjal-basic-vocab-2009"
"鉛筆","えんぴつ","ninjal-educational-vocab-1984","duplicate_kana_cross_source","same kana already accepted from ninjal-basic-vocab-2009"
"遠慮","えんりょ","ninjal-educational-vocab-1984","duplicate_kana_cross_source","same kana already accepted from ninjal-basic-vocab-2009"
"おいしい","おいしい","ninjal-educational-vocab-1984","review_all_source","source is configured for manual review"
"追","おう","ninjal-educational-vocab-1984","duplicate_kana_cross_source","same kana already accepted from ninjal-basic-vocab-2009"
"往復","おうふく","ninjal-educational-vocab-1984","duplicate_kana_cross_source","same kana already accepted from ninjal-basic-vocab-2009"
"応用","おうよう","ninjal-educational-vocab-1984","duplicate_kana_cross_source","same kana already accepted from ninjal-basic-vocab-2009"
"おお","おお","ninjal-educational-vocab-1984","review_all_source","source is configured for manual review"
"多","おおい","ninjal-educational-vocab-1984","duplicate_kana_cross_source","same kana already accepted from ninjal-basic-vocab-2009"
"大","おおきいな","ninjal-educational-vocab-1984","review_all_source","source is configured for manual review"
"大勢","おおぜい","ninjal-educational-vocab-1984","duplicate_kana_cross_source","same kana already accepted from ninjal-basic-vocab-2009"
"なさい","おかえり","ninjal-educational-vocab-1984","review_all_source","source is configured for manual review"
"おかげ","おかげ","ninjal-educational-vocab-1984","duplicate_kana_cross_source","same kana already accepted from ninjal-basic-vocab-2009"
"おかしい","おかしい","ninjal-educational-vocab-1984","review_all_source","source is configured for manual review"
"起","おきる","ninjal-educational-vocab-1984","review_all_source","source is configured for manual review"
"奥","おく","ninjal-educational-vocab-1984","duplicate_kana_cross_source","same kana already accepted from ninjal-basic-vocab-2009"
"贈物","おくりもの","ninjal-educational-vocab-1984","duplicate_kana_cross_source","same kana already accepted from ninjal-basic-vocab-2009"
"おくる","おくる","ninjal-educational-vocab-1984","review_all_source","source is configured for manual review"
"遅","おくれ","ninjal-educational-vocab-1984","duplicate_kana_cross_source","same kana already accepted from ninjal-basic-vocab-2009"
"起","おこす","ninjal-educational-vocab-1984","review_all_source","source is configured for manual review"
"行","おこなう","ninjal-educational-vocab-1984","review_all_source","source is configured for manual review"
"怒","おこる","ninjal-educational-vocab-1984","review_all_source","source is configured for manual review"
"押","おさえる","ninjal-educational-vocab-1984","review_all_source","source is configured for manual review"
"おじ","おじ","ninjal-educational-vocab-1984","review_all_source","source is configured for manual review"
"惜","おしい","ninjal-educational-vocab-1984","review_all_source","source is configured for manual review"
"教","おしえる","ninjal-educational-vocab-1984","review_all_source","source is configured for manual review"
"御辞儀","おじぎ","ninjal-educational-vocab-1984","duplicate_kana_cross_source","same kana already accepted from ninjal-basic-vocab-2009"
"おじさん","おじさん","ninjal-educational-vocab-1984","review_all_source","source is configured for manual review"
"押","おす","ninjal-educational-vocab-1984","duplicate_kana_cross_source","same kana already accepted from ninjal-basic-vocab-2009"
"遅","おそい","ninjal-educational-vocab-1984","review_all_source","source is configured for manual review"
"恐","おそれる","ninjal-educational-vocab-1984","review_all_source","source is configured for manual review"
"恐","おそろしい","ninjal-educational-vocab-1984","review_all_source","source is configured for manual review"
"落","おちる","ninjal-educational-vocab-1984","review_all_source","source is configured for manual review"
"おっしゃる","おっしゃる","ninjal-educational-vocab-1984","review_all_source","source is configured for manual review"
"夫","おっと","ninjal-educational-vocab-1984","duplicate_kana_cross_source","same kana already accepted from ninjal-basic-vocab-2009"
"音","おと","ninjal-educational-vocab-1984","duplicate_kana_cross_source","same kana already accepted from ninjal-basic-vocab-2009"
"弟","おとうと","ninjal-educational-vocab-1984","duplicate_kana_cross_source","same kana already accepted from ninjal-basic-vocab-2009"
"男","おとこ","ninjal-educational-vocab-1984","duplicate_kana_cross_source","same kana already accepted from ninjal-basic-vocab-2009"
"落","おとす","ninjal-educational-vocab-1984","review_all_source","source is configured for manual review"
"一昨日","おととい","ninjal-educational-vocab-1984","review_all_source","source is configured for manual review"
"大人","おとな","ninjal-educational-vocab-1984","review_all_source","source is configured for manual review"
"おとなしい","おとなしい","ninjal-educational-vocab-1984","review_all_source","source is configured for manual review"
"踊","おどる","ninjal-educational-vocab-1984","review_all_source","source is configured for manual review"
"驚","おどろく","ninjal-educational-vocab-1984","review_all_source","source is configured for manual review"
"おなか","おなか","ninjal-educational-vocab-1984","duplicate_kana_cross_source","same kana already accepted from ninjal-basic-vocab-2009"
"同","おなじ","ninjal-educational-vocab-1984","review_all_source","source is configured for manual review"
"おば","おば","ninjal-educational-vocab-1984","review_all_source","source is configured for manual review"
"おばさん","おばさん","ninjal-educational-vocab-1984","review_all_source","source is configured for manual review"
"おはよう","おはよう","ninjal-educational-vocab-1984","review_all_source","source is configured for manual review"
"覚","おぼえる","ninjal-educational-vocab-1984","review_all_source","source is configured for manual review"
"おまわりさん","おまわりさん","ninjal-educational-vocab-1984","review_all_source","source is configured for manual review"
"おめでとう","おめでとう","ninjal-educational-vocab-1984","review_all_source","source is configured for manual review"
"重","おもい","ninjal-educational-vocab-1984","duplicate_kana_cross_source","same kana already accepted from ninjal-basic-vocab-2009"
"思出","おもいだす","ninjal-educational-vocab-1984","review_all_source","source is configured for manual review"
"思出","おもいで","ninjal-educational-vocab-1984","duplicate_kana_cross_source","same kana already accepted from ninjal-basic-vocab-2009"
"思","おもう","ninjal-educational-vocab-1984","review_all_source","source is configured for manual review"
"面白","おもしろい","ninjal-educational-vocab-1984","review_all_source","source is configured for manual review"
"おもちゃ","おもちゃ","ninjal-educational-vocab-1984","review_all_source","source is configured for manual review"
"表","おもて","ninjal-educational-vocab-1984","duplicate_kana_cross_source","same kana already accepted from ninjal-basic-vocab-2009"
"主","おもなに","ninjal-educational-vocab-1984","review_all_source","source is configured for manual review"
"親","おや","ninjal-educational-vocab-1984","duplicate_kana_cross_source","same kana already accepted from ninjal-basic-vocab-2009"
"親子","おやこ","ninjal-educational-vocab-1984","duplicate_kana_cross_source","same kana already accepted from ninjal-basic-vocab-2009"
"なさい","おやすみ","ninjal-educational-vocab-1984","duplicate_kana_cross_source","same kana already accepted from ninjal-basic-vocab-2009"
"泳","およぐ","ninjal-educational-vocab-1984","review_all_source","source is configured for manual review"
"およそ","およそ","ninjal-educational-vocab-1984","duplicate_kana_cross_source","same kana already accepted from ninjal-basic-vocab-2009"
"及","および","ninjal-educational-vocab-1984","review_all_source","source is configured for manual review"
"降","おりる","ninjal-educational-vocab-1984","review_all_source","source is configured for manual review"
"おる","おる","ninjal-educational-vocab-1984","review_all_source","source is configured for manual review"
"俺","おれ","ninjal-educational-vocab-1984","review_all_source","source is configured for manual review"
"折","おれる","ninjal-educational-vocab-1984","review_all_source","source is configured for manual review"
"おろす","おろす","ninjal-educational-vocab-1984","review_all_source","source is configured for manual review"
"終","おわり","ninjal-educational-vocab-1984","duplicate_kana_cross_source","same kana already accepted from ninjal-basic-vocab-2009"
"終","おわる","ninjal-educational-vocab-1984","review_all_source","source is configured for manual review"
"音","おん","ninjal-educational-vocab-1984","duplicate_kana_cross_source","same kana already accepted from ninjal-basic-vocab-2009"
"音楽","おんがく","ninjal-educational-vocab-1984","duplicate_kana_cross_source","same kana already accepted from ninjal-basic-vocab-2009"
"温泉","おんせん","ninjal-educational-vocab-1984","duplicate_kana_cross_source","same kana already accepted from ninjal-basic-vocab-2009"
"温度","おんど","ninjal-educational-vocab-1984","duplicate_kana_cross_source","same kana already accepted from ninjal-basic-vocab-2009"
"女","おんな","ninjal-educational-vocab-1984","duplicate_kana_cross_source","same kana already accepted from ninjal-basic-vocab-2009"
"女子","おんなのこ","ninjal-educational-vocab-1984","duplicate_kana_cross_source","same kana already accepted from ninjal-basic-vocab-2009"
"会","かい","ninjal-educational-vocab-1984","duplicate_kana_cross_source","same kana already accepted from ninjal-basic-vocab-2009"
"外","がい","ninjal-educational-vocab-1984","duplicate_kana_cross_source","same kana already accepted from ninjal-basic-vocab-2009"
"海岸","かいがん","ninjal-educational-vocab-1984","duplicate_kana_cross_source","same kana already accepted from ninjal-basic-vocab-2009"
"会議","かいぎ","ninjal-educational-vocab-1984","duplicate_kana_cross_source","same kana already accepted from ninjal-basic-vocab-2009"
"外交","がいこう","ninjal-educational-vocab-1984","duplicate_kana_cross_source","same kana already accepted from ninjal-basic-vocab-2009"
"外国","がいこく","ninjal-educational-vocab-1984","duplicate_kana_cross_source","same kana already accepted from ninjal-basic-vocab-2009"
"外国語","がいこくご","ninjal-educational-vocab-1984","duplicate_kana_cross_source","same kana already accepted from ninjal-basic-vocab-2009"
"外国人","がいこくじん","ninjal-educational-vocab-1984","duplicate_kana_cross_source","same kana already accepted from ninjal-basic-vocab-2009"
"会社","かいしゃ","ninjal-educational-vocab-1984","duplicate_kana_cross_source","same kana already accepted from ninjal-basic-vocab-2009"
"解釈","かいしゃく","ninjal-educational-vocab-1984","duplicate_kana_cross_source","same kana already accepted from ninjal-basic-vocab-2009"
"外出","がいしゅつ","ninjal-educational-vocab-1984","duplicate_kana_cross_source","same kana already accepted from ninjal-basic-vocab-2009"
"会場","かいじょう","ninjal-educational-vocab-1984","duplicate_kana_cross_source","same kana already accepted from ninjal-basic-vocab-2009"
"階段","かいだん","ninjal-educational-vocab-1984","duplicate_kana_cross_source","same kana already accepted from ninjal-basic-vocab-2009"
"かいとう","かいとう","ninjal-educational-vocab-1984","duplicate_kana_cross_source","same kana already accepted from ninjal-basic-vocab-2009"
"買物","かいもの","ninjal-educational-vocab-1984","duplicate_kana_cross_source","same kana already accepted from ninjal-basic-vocab-2009"
"会話","かいわ","ninjal-educational-vocab-1984","duplicate_kana_cross_source","same kana already accepted from ninjal-basic-vocab-2009"
"買","かう","ninjal-educational-vocab-1984","review_all_source","source is configured for manual review"
"かえす","かえす","ninjal-educational-vocab-1984","review_all_source","source is configured for manual review"
"却","かえって","ninjal-educational-vocab-1984","review_all_source","source is configured for manual review"
"かえる","かえる","ninjal-educational-vocab-1984","duplicate_kana_cross_source","same kana already accepted from ninjal-basic-vocab-2009"
"顔","かお","ninjal-educational-vocab-1984","duplicate_kana_cross_source","same kana already accepted from ninjal-basic-vocab-2009"
"化学","かがく","ninjal-educational-vocab-1984","duplicate_kana_cross_source","same kana already accepted from ninjal-basic-vocab-2009"
"鏡","かがみ","ninjal-educational-vocab-1984","duplicate_kana_cross_source","same kana already accepted from ninjal-basic-vocab-2009"
"係","かかり","ninjal-educational-vocab-1984","duplicate_kana_cross_source","same kana already accepted from ninjal-basic-vocab-2009"
"かかる","かかる","ninjal-educational-vocab-1984","review_all_source","source is configured for manual review"
"鍵","かぎ","ninjal-educational-vocab-1984","duplicate_kana_cross_source","same kana already accepted from ninjal-basic-vocab-2009"
"限","かぎる","ninjal-educational-vocab-1984","review_all_source","source is configured for manual review"
"書","かく","ninjal-educational-vocab-1984","duplicate_kana_cross_source","same kana already accepted from ninjal-basic-vocab-2009"
"嗅","かぐ","ninjal-educational-vocab-1984","duplicate_kana_cross_source","same kana already accepted from ninjal-basic-vocab-2009"
"学","がく","ninjal-educational-vocab-1984","duplicate_kana_cross_source","same kana already accepted from ninjal-basic-vocab-2009"
"確実","かくじつ","ninjal-educational-vocab-1984","review_all_source","source is configured for manual review"
"隠","かくす","ninjal-educational-vocab-1984","review_all_source","source is configured for manual review"
"学生","がくせい","ninjal-educational-vocab-1984","duplicate_kana_cross_source","same kana already accepted from ninjal-basic-vocab-2009"
"学問","がくもん","ninjal-educational-vocab-1984","duplicate_kana_cross_source","same kana already accepted from ninjal-basic-vocab-2009"
"隠","かくれる","ninjal-educational-vocab-1984","review_all_source","source is configured for manual review"
"かげ","かげ","ninjal-educational-vocab-1984","duplicate_kana_cross_source","same kana already accepted from ninjal-basic-vocab-2009"
"掛","かける","ninjal-educational-vocab-1984","review_all_source","source is configured for manual review"
"過去","かこ","ninjal-educational-vocab-1984","duplicate_kana_cross_source","same kana already accepted from ninjal-basic-vocab-2009"
"囲","かこむ","ninjal-educational-vocab-1984","review_all_source","source is configured for manual review"
"傘","かさ","ninjal-educational-vocab-1984","duplicate_kana_cross_source","same kana already accepted from ninjal-basic-vocab-2009"
"重","かさなる","ninjal-educational-vocab-1984","review_all_source","source is configured for manual review"
"重","かさねる","ninjal-educational-vocab-1984","review_all_source","source is configured for manual review"
"飾","かざる","ninjal-educational-vocab-1984","review_all_source","source is configured for manual review"
"菓子","かし","ninjal-educational-vocab-1984","duplicate_kana_cross_source","same kana already accepted from ninjal-basic-vocab-2009"
"火事","かじ","ninjal-educational-vocab-1984","duplicate_kana_cross_source","same kana already accepted from ninjal-basic-vocab-2009"
"賢","かしこい","ninjal-educational-vocab-1984","review_all_source","source is configured for manual review"
"貸","かす","ninjal-educational-vocab-1984","duplicate_kana_cross_source","same kana already accepted from ninjal-basic-vocab-2009"
"数","かず","ninjal-educational-vocab-1984","duplicate_kana_cross_source","same kana already accepted from ninjal-basic-vocab-2009"
"ガス","がす","ninjal-educational-vocab-1984","review_all_source","source is configured for manual review"
"風","かぜ","ninjal-educational-vocab-1984","duplicate_kana_cross_source","same kana already accepted from ninjal-basic-vocab-2009"
"数","かぞえる","ninjal-educational-vocab-1984","review_all_source","source is configured for manual review"
"家族","かぞく","ninjal-educational-vocab-1984","duplicate_kana_cross_source","same kana already accepted from ninjal-basic-vocab-2009"
"方","かた","ninjal-educational-vocab-1984","duplicate_kana_cross_source","same kana already accepted from ninjal-basic-vocab-2009"
"堅","かたい","ninjal-educational-vocab-1984","review_all_source","source is configured for manual review"
"片仮名","かたかな","ninjal-educational-vocab-1984","review_all_source","source is configured for manual review"
"形","かたち","ninjal-educational-vocab-1984","duplicate_kana_cross_source","same kana already accepted from ninjal-basic-vocab-2009"
"片付","かたづける","ninjal-educational-vocab-1984","review_all_source","source is configured for manual review"
"傾","かたむく","ninjal-educational-vocab-1984","review_all_source","source is configured for manual review"
"価値","かち","ninjal-educational-vocab-1984","duplicate_kana_cross_source","same kana already accepted from ninjal-basic-vocab-2009"
"勝","かつ","ninjal-educational-vocab-1984","review_all_source","source is configured for manual review"
"がっかり","がっかり","ninjal-educational-vocab-1984","review_all_source","source is configured for manual review"
"格好","かっこう","ninjal-educational-vocab-1984","duplicate_kana_cross_source","same kana already accepted from ninjal-basic-vocab-2009"
"学校","がっこう","ninjal-educational-vocab-1984","duplicate_kana_cross_source","same kana already accepted from ninjal-basic-vocab-2009"
"活動","かつどう","ninjal-educational-vocab-1984","duplicate_kana_cross_source","same kana already accepted from ninjal-basic-vocab-2009"
"家庭","かてい","ninjal-educational-vocab-1984","duplicate_kana_cross_source","same kana already accepted from ninjal-basic-vocab-2009"
"角","かど","ninjal-educational-vocab-1984","duplicate_kana_cross_source","same kana already accepted from ninjal-basic-vocab-2009"
"仮名","かな","ninjal-educational-vocab-1984","review_all_source","source is configured for manual review"
"悲","かなしい","ninjal-educational-vocab-1984","review_all_source","source is configured for manual review"
"悲","かなしむ","ninjal-educational-vocab-1984","review_all_source","source is configured for manual review"
"必","かならず","ninjal-educational-vocab-1984","review_all_source","source is configured for manual review"
"かなり","かなり","ninjal-educational-vocab-1984","review_all_source","source is configured for manual review"
"金","かね","ninjal-educational-vocab-1984","duplicate_kana_cross_source","same kana already accepted from ninjal-basic-vocab-2009"
"金持","かねもち","ninjal-educational-vocab-1984","duplicate_kana_cross_source","same kana already accepted from ninjal-basic-vocab-2009"
"可能","かのう","ninjal-educational-vocab-1984","duplicate_kana_cross_source","same kana already accepted from ninjal-basic-vocab-2009"
"彼女","かのじょ","ninjal-educational-vocab-1984","review_all_source","source is configured for manual review"
"かばん","かばん","ninjal-educational-vocab-1984","review_all_source","source is configured for manual review"
"被","かぶる","ninjal-educational-vocab-1984","review_all_source","source is configured for manual review"
"壁","かべ","ninjal-educational-vocab-1984","duplicate_kana_cross_source","same kana already accepted from ninjal-basic-vocab-2009"
"我慢","がまん","ninjal-educational-vocab-1984","duplicate_kana_cross_source","same kana already accepted from ninjal-basic-vocab-2009"
"神","かみ","ninjal-educational-vocab-1984","duplicate_kana_cross_source","same kana already accepted from ninjal-basic-vocab-2009"
"雷","かみなり","ninjal-educational-vocab-1984","duplicate_kana_cross_source","same kana already accepted from ninjal-basic-vocab-2009"
"噛","かむ","ninjal-educational-vocab-1984","review_all_source","source is configured for manual review"
"カメラ","かめら","ninjal-educational-vocab-1984","duplicate_kana_cross_source","same kana already accepted from ninjal-basic-vocab-2009"
"かゆい","かゆい","ninjal-educational-vocab-1984","review_all_source","source is configured for manual review"
"通","かよう","ninjal-educational-vocab-1984","duplicate_kana_cross_source","same kana already accepted from ninjal-basic-vocab-2009"
"空","から","ninjal-educational-vocab-1984","duplicate_kana_cross_source","same kana already accepted from ninjal-basic-vocab-2009"
"辛","からい","ninjal-educational-vocab-1984","review_all_source","source is configured for manual review"
"ガラス","がらす","ninjal-educational-vocab-1984","review_all_source","source is configured for manual review"
"体","からだ","ninjal-educational-vocab-1984","duplicate_kana_cross_source","same kana already accepted from ninjal-basic-vocab-2009"
"借","かりる","ninjal-educational-vocab-1984","review_all_source","source is configured for manual review"
"軽","かるい","ninjal-educational-vocab-1984","review_all_source","source is configured for manual review"
"彼","かれ","ninjal-educational-vocab-1984","review_all_source","source is configured for manual review"
"枯","かれる","ninjal-educational-vocab-1984","review_all_source","source is configured for manual review"
"川","かわ","ninjal-educational-vocab-1984","duplicate_kana_cross_source","same kana already accepted from ninjal-basic-vocab-2009"
"可愛","かわいい","ninjal-educational-vocab-1984","review_all_source","source is configured for manual review"
"可哀相","かわいそう","ninjal-educational-vocab-1984","review_all_source","source is configured for manual review"
"乾","かわかす","ninjal-educational-vocab-1984","review_all_source","source is configured for manual review"
"かわく","かわく","ninjal-educational-vocab-1984","review_all_source","source is configured for manual review"
"代","かわり","ninjal-educational-vocab-1984","duplicate_kana_cross_source","same kana already accepted from ninjal-basic-vocab-2009"
"かわる","かわる","ninjal-educational-vocab-1984","review_all_source","source is configured for manual review"
"考","かんがえ","ninjal-educational-vocab-1984","duplicate_kana_cross_source","same kana already accepted from ninjal-basic-vocab-2009"
"考","かんがえる","ninjal-educational-vocab-1984","review_all_source","source is configured for manual review"
"関係","かんけい","ninjal-educational-vocab-1984","duplicate_kana_cross_source","same kana already accepted from ninjal-basic-vocab-2009"
"歓迎","かんげい","ninjal-educational-vocab-1984","duplicate_kana_cross_source","same kana already accepted from ninjal-basic-vocab-2009"
"感","かんじ","ninjal-educational-vocab-1984","duplicate_kana_cross_source","same kana already accepted from ninjal-basic-vocab-2009"
"感謝","かんしゃ","ninjal-educational-vocab-1984","duplicate_kana_cross_source","same kana already accepted from ninjal-basic-vocab-2009"
"勘定","かんじょう","ninjal-educational-vocab-1984","duplicate_kana_cross_source","same kana already accepted from ninjal-basic-vocab-2009"
"感心","かんしん","ninjal-educational-vocab-1984","duplicate_kana_cross_source","same kana already accepted from ninjal-basic-vocab-2009"
"完成","かんせい","ninjal-educational-vocab-1984","duplicate_kana_cross_source","same kana already accepted from ninjal-basic-vocab-2009"
"間接","かんせつ","ninjal-educational-vocab-1984","duplicate_kana_cross_source","same kana already accepted from ninjal-basic-vocab-2009"
"完全","かんぜん","ninjal-educational-vocab-1984","duplicate_kana_cross_source","same kana already accepted from ninjal-basic-vocab-2009"
"感想","かんそう","ninjal-educational-vocab-1984","duplicate_kana_cross_source","same kana already accepted from ninjal-basic-vocab-2009"
"簡単","かんたん","ninjal-educational-vocab-1984","duplicate_kana_cross_source","same kana already accepted from ninjal-basic-vocab-2009"
"罐詰","かんづめ","ninjal-educational-vocab-1984","duplicate_kana_cross_source","same kana already accepted from ninjal-basic-vocab-2009"
"頑張","がんばる","ninjal-educational-vocab-1984","review_all_source","source is configured for manual review"
"看板","かんばん","ninjal-educational-vocab-1984","duplicate_kana_cross_source","same kana already accepted from ninjal-basic-vocab-2009"
"黄色","きいろ","ninjal-educational-vocab-1984","duplicate_kana_cross_source","same kana already accepted from ninjal-basic-vocab-2009"
"黄色","きいろい","ninjal-educational-vocab-1984","review_all_source","source is configured for manual review"
"消","きえる","ninjal-educational-vocab-1984","review_all_source","source is configured for manual review"
"記憶","きおく","ninjal-educational-vocab-1984","duplicate_kana_cross_source","same kana already accepted from ninjal-basic-vocab-2009"
"機会","きかい","ninjal-educational-vocab-1984","duplicate_kana_cross_source","same kana already accepted from ninjal-basic-vocab-2009"
"期間","きかん","ninjal-educational-vocab-1984","duplicate_kana_cross_source","same kana already accepted from ninjal-basic-vocab-2009"
"聞","きく","ninjal-educational-vocab-1984","duplicate_kana_cross_source","same kana already accepted from ninjal-basic-vocab-2009"
"危険","きけん","ninjal-educational-vocab-1984","duplicate_kana_cross_source","same kana already accepted from ninjal-basic-vocab-2009"
"機嫌","きげん","ninjal-educational-vocab-1984","duplicate_kana_cross_source","same kana already accepted from ninjal-basic-vocab-2009"
"気候","きこう","ninjal-educational-vocab-1984","duplicate_kana_cross_source","same kana already accepted from ninjal-basic-vocab-2009"
"聞","きこえる","ninjal-educational-vocab-1984","review_all_source","source is configured for manual review"
"帰国","きこく","ninjal-educational-vocab-1984","duplicate_kana_cross_source","same kana already accepted from ninjal-basic-vocab-2009"
"岸","きし","ninjal-educational-vocab-1984","duplicate_kana_cross_source","same kana already accepted from ninjal-basic-vocab-2009"
"汽車","きしゃ","ninjal-educational-vocab-1984","duplicate_kana_cross_source","same kana already accepted from ninjal-basic-vocab-2009"
"技術","ぎじゅつ","ninjal-educational-vocab-1984","duplicate_kana_cross_source","same kana already accepted from ninjal-basic-vocab-2009"
"傷","きず","ninjal-educational-vocab-1984","duplicate_kana_cross_source","same kana already accepted from ninjal-basic-vocab-2009"
"季節","きせつ","ninjal-educational-vocab-1984","duplicate_kana_cross_source","same kana already accepted from ninjal-basic-vocab-2009"
"着","きせる","ninjal-educational-vocab-1984","review_all_source","source is configured for manual review"
"基礎","きそ","ninjal-educational-vocab-1984","duplicate_kana_cross_source","same kana already accepted from ninjal-basic-vocab-2009"
"規則","きそく","ninjal-educational-vocab-1984","duplicate_kana_cross_source","same kana already accepted from ninjal-basic-vocab-2009"
"北","きた","ninjal-educational-vocab-1984","duplicate_kana_cross_source","same kana already accepted from ninjal-basic-vocab-2009"
"汚","きたない","ninjal-educational-vocab-1984","review_all_source","source is configured for manual review"
"きちん と","きちんと","ninjal-educational-vocab-1984","review_all_source","source is configured for manual review"
"切手","きって","ninjal-educational-vocab-1984","duplicate_kana_cross_source","same kana already accepted from ninjal-basic-vocab-2009"
"きっ と","きっと","ninjal-educational-vocab-1984","review_all_source","source is configured for manual review"
"切符","きっぷ","ninjal-educational-vocab-1984","duplicate_kana_cross_source","same kana already accepted from ninjal-basic-vocab-2009"
"記念","きねん","ninjal-educational-vocab-1984","duplicate_kana_cross_source","same kana already accepted from ninjal-basic-vocab-2009"
"昨日","きのう","ninjal-educational-vocab-1984","duplicate_kana_cross_source","same kana already accepted from ninjal-basic-vocab-2009"
"気毒","きのどく","ninjal-educational-vocab-1984","duplicate_kana_cross_source","same kana already accepted from ninjal-basic-vocab-2009"
"厳","きびしい","ninjal-educational-vocab-1984","review_all_source","source is configured for manual review"
"気分","きぶん","ninjal-educational-vocab-1984","duplicate_kana_cross_source","same kana already accepted from ninjal-basic-vocab-2009"
"希望","きぼう","ninjal-educational-vocab-1984","duplicate_kana_cross_source","same kana already accepted from ninjal-basic-vocab-2009"
"決","きまる","ninjal-educational-vocab-1984","review_all_source","source is configured for manual review"
"君","きみ","ninjal-educational-vocab-1984","duplicate_kana_cross_source","same kana already accepted from ninjal-basic-vocab-2009"
"義務","ぎむ","ninjal-educational-vocab-1984","duplicate_kana_cross_source","same kana already accepted from ninjal-basic-vocab-2009"
"決","きめる","ninjal-educational-vocab-1984","review_all_source","source is configured for manual review"
"気持","きもち","ninjal-educational-vocab-1984","duplicate_kana_cross_source","same kana already accepted from ninjal-basic-vocab-2009"
"着物","きもの","ninjal-educational-vocab-1984","duplicate_kana_cross_source","same kana already accepted from ninjal-basic-vocab-2009"
"疑問","ぎもん","ninjal-educational-vocab-1984","duplicate_kana_cross_source","same kana already accepted from ninjal-basic-vocab-2009"
"客","きゃく","ninjal-educational-vocab-1984","duplicate_kana_cross_source","same kana already accepted from ninjal-basic-vocab-2009"
"逆","ぎゃく","ninjal-educational-vocab-1984","duplicate_kana_cross_source","same kana already accepted from ninjal-basic-vocab-2009"
"急行","きゅうこう","ninjal-educational-vocab-1984","duplicate_kana_cross_source","same kana already accepted from ninjal-basic-vocab-2009"
"急","きゅうに","ninjal-educational-vocab-1984","review_all_source","source is configured for manual review"
"牛肉","ぎゅうにく","ninjal-educational-vocab-1984","duplicate_kana_cross_source","same kana already accepted from ninjal-basic-vocab-2009"
"牛乳","ぎゅうにゅう","ninjal-educational-vocab-1984","duplicate_kana_cross_source","same kana already accepted from ninjal-basic-vocab-2009"
"給料","きゅうりょう","ninjal-educational-vocab-1984","duplicate_kana_cross_source","same kana already accepted from ninjal-basic-vocab-2009"
"今日","きょう","ninjal-educational-vocab-1984","duplicate_kana_cross_source","same kana already accepted from ninjal-basic-vocab-2009"
"教育","きょういく","ninjal-educational-vocab-1984","duplicate_kana_cross_source","same kana already accepted from ninjal-basic-vocab-2009"
"教会","きょうかい","ninjal-educational-vocab-1984","duplicate_kana_cross_source","same kana already accepted from ninjal-basic-vocab-2009"
"教科書","きょうかしょ","ninjal-educational-vocab-1984","duplicate_kana_cross_source","same kana already accepted from ninjal-basic-vocab-2009"
"教師","きょうし","ninjal-educational-vocab-1984","duplicate_kana_cross_source","same kana already accepted from ninjal-basic-vocab-2009"
"教室","きょうしつ","ninjal-educational-vocab-1984","duplicate_kana_cross_source","same kana already accepted from ninjal-basic-vocab-2009"
"競争","きょうそう","ninjal-educational-vocab-1984","duplicate_kana_cross_source","same kana already accepted from ninjal-basic-vocab-2009"
"兄弟","きょうだい","ninjal-educational-vocab-1984","duplicate_kana_cross_source","same kana already accepted from ninjal-basic-vocab-2009"
"興味","きょうみ","ninjal-educational-vocab-1984","duplicate_kana_cross_source","same kana already accepted from ninjal-basic-vocab-2009"
"教養","きょうよう","ninjal-educational-vocab-1984","duplicate_kana_cross_source","same kana already accepted from ninjal-basic-vocab-2009"
"協力","きょうりょく","ninjal-educational-vocab-1984","duplicate_kana_cross_source","same kana already accepted from ninjal-basic-vocab-2009"
"許可","きょか","ninjal-educational-vocab-1984","duplicate_kana_cross_source","same kana already accepted from ninjal-basic-vocab-2009"
"去年","きょねん","ninjal-educational-vocab-1984","duplicate_kana_cross_source","same kana already accepted from ninjal-basic-vocab-2009"
"距離","きょり","ninjal-educational-vocab-1984","duplicate_kana_cross_source","same kana already accepted from ninjal-basic-vocab-2009"
"嫌","きらい","ninjal-educational-vocab-1984","duplicate_kana_cross_source","same kana already accepted from ninjal-basic-vocab-2009"
"嫌","きらう","ninjal-educational-vocab-1984","review_all_source","source is configured for manual review"
"霧","きり","ninjal-educational-vocab-1984","duplicate_kana_cross_source","same kana already accepted from ninjal-basic-vocab-2009"
"切","きる","ninjal-educational-vocab-1984","review_all_source","source is configured for manual review"
"布","きれ","ninjal-educational-vocab-1984","duplicate_kana_cross_source","same kana already accepted from ninjal-basic-vocab-2009"
"綺麗","きれい","ninjal-educational-vocab-1984","review_all_source","source is configured for manual review"
"切","きれる","ninjal-educational-vocab-1984","review_all_source","source is configured for manual review"
"キロ","きろ","ninjal-educational-vocab-1984","review_all_source","source is configured for manual review"
"記録","きろく","ninjal-educational-vocab-1984","duplicate_kana_cross_source","same kana already accepted from ninjal-basic-vocab-2009"
"金","きん","ninjal-educational-vocab-1984","duplicate_kana_cross_source","same kana already accepted from ninjal-basic-vocab-2009"
"銀","ぎん","ninjal-educational-vocab-1984","duplicate_kana_cross_source","same kana already accepted from ninjal-basic-vocab-2009"
"銀行","ぎんこう","ninjal-educational-vocab-1984","duplicate_kana_cross_source","same kana already accepted from ninjal-basic-vocab-2009"
"禁止","きんし","ninjal-educational-vocab-1984","duplicate_kana_cross_source","same kana already accepted from ninjal-basic-vocab-2009"
"近所","きんじょ","ninjal-educational-vocab-1984","duplicate_kana_cross_source","same kana already accepted from ninjal-basic-vocab-2009"
"金属","きんぞく","ninjal-educational-vocab-1984","duplicate_kana_cross_source","same kana already accepted from ninjal-basic-vocab-2009"
"筋肉","きんにく","ninjal-educational-vocab-1984","duplicate_kana_cross_source","same kana already accepted from ninjal-basic-vocab-2009"
"具合","ぐあい","ninjal-educational-vocab-1984","duplicate_kana_cross_source","same kana already accepted from ninjal-basic-vocab-2009"
"空気","くうき","ninjal-educational-vocab-1984","duplicate_kana_cross_source","same kana already accepted from ninjal-basic-vocab-2009"
"茎","くき","ninjal-educational-vocab-1984","duplicate_kana_cross_source","same kana already accepted from ninjal-basic-vocab-2009"
"草","くさ","ninjal-educational-vocab-1984","duplicate_kana_cross_source","same kana already accepted from ninjal-basic-vocab-2009"
"臭","くさい","ninjal-educational-vocab-1984","review_all_source","source is configured for manual review"
"腐","くさる","ninjal-educational-vocab-1984","review_all_source","source is configured for manual review"
"苦心","くしん","ninjal-educational-vocab-1984","duplicate_kana_cross_source","same kana already accepted from ninjal-basic-vocab-2009"
"薬","くすり","ninjal-educational-vocab-1984","duplicate_kana_cross_source","same kana already accepted from ninjal-basic-vocab-2009"
"崩","くずれる","ninjal-educational-vocab-1984","review_all_source","source is configured for manual review"
"癖","くせ","ninjal-educational-vocab-1984","duplicate_kana_cross_source","same kana already accepted from ninjal-basic-vocab-2009"
"下","くださる","ninjal-educational-vocab-1984","review_all_source","source is configured for manual review"
"果物","くだもの","ninjal-educational-vocab-1984","review_all_source","source is configured for manual review"
"下","くだり","ninjal-educational-vocab-1984","duplicate_kana_cross_source","same kana already accepted from ninjal-basic-vocab-2009"
"下","くだる","ninjal-educational-vocab-1984","review_all_source","source is configured for manual review"
"口","くち","ninjal-educational-vocab-1984","duplicate_kana_cross_source","same kana already accepted from ninjal-basic-vocab-2009"
"唇","くちびる","ninjal-educational-vocab-1984","duplicate_kana_cross_source","same kana already accepted from ninjal-basic-vocab-2009"
"靴","くつ","ninjal-educational-vocab-1984","duplicate_kana_cross_source","same kana already accepted from ninjal-basic-vocab-2009"
"靴下","くつした","ninjal-educational-vocab-1984","duplicate_kana_cross_source","same kana already accepted from ninjal-basic-vocab-2009"
"国","くに","ninjal-educational-vocab-1984","duplicate_kana_cross_source","same kana already accepted from ninjal-basic-vocab-2009"
"配","くばる","ninjal-educational-vocab-1984","review_all_source","source is configured for manual review"
"首","くび","ninjal-educational-vocab-1984","duplicate_kana_cross_source","same kana already accepted from ninjal-basic-vocab-2009"
"工夫","くふう","ninjal-educational-vocab-1984","duplicate_kana_cross_source","same kana already accepted from ninjal-basic-vocab-2009"
"区別","くべつ","ninjal-educational-vocab-1984","duplicate_kana_cross_source","same kana already accepted from ninjal-basic-vocab-2009"
"組","くみ","ninjal-educational-vocab-1984","duplicate_kana_cross_source","same kana already accepted from ninjal-basic-vocab-2009"
"雲","くも","ninjal-educational-vocab-1984","duplicate_kana_cross_source","same kana already accepted from ninjal-basic-vocab-2009"
"曇","くもり","ninjal-educational-vocab-1984","duplicate_kana_cross_source","same kana already accepted from ninjal-basic-vocab-2009"
"曇","くもる","ninjal-educational-vocab-1984","review_all_source","source is configured for manual review"
"悔","くやしい","ninjal-educational-vocab-1984","review_all_source","source is configured for manual review"
"暗","くらい","ninjal-educational-vocab-1984","duplicate_kana_cross_source","same kana already accepted from ninjal-basic-vocab-2009"
"暮","くらす","ninjal-educational-vocab-1984","duplicate_kana_cross_source","same kana already accepted from ninjal-basic-vocab-2009"
"比","くらべる","ninjal-educational-vocab-1984","review_all_source","source is configured for manual review"
"グラム","ぐらむ","ninjal-educational-vocab-1984","review_all_source","source is configured for manual review"
"繰返","くりかえす","ninjal-educational-vocab-1984","review_all_source","source is configured for manual review"
"来","くる","ninjal-educational-vocab-1984","review_all_source","source is configured for manual review"
"苦","くるしい","ninjal-educational-vocab-1984","review_all_source","source is configured for manual review"
"苦","くるしむ","ninjal-educational-vocab-1984","review_all_source","source is configured for manual review"
"車","くるま","ninjal-educational-vocab-1984","duplicate_kana_cross_source","same kana already accepted from ninjal-basic-vocab-2009"
"くれる","くれる","ninjal-educational-vocab-1984","review_all_source","source is configured for manual review"
"黒","くろ","ninjal-educational-vocab-1984","duplicate_kana_cross_source","same kana already accepted from ninjal-basic-vocab-2009"
"黒","くろい","ninjal-educational-vocab-1984","review_all_source","source is configured for manual review"
"苦労","くろう","ninjal-educational-vocab-1984","duplicate_kana_cross_source","same kana already accepted from ninjal-basic-vocab-2009"
"加","くわえる","ninjal-educational-vocab-1984","review_all_source","source is configured for manual review"
"詳","くわしい","ninjal-educational-vocab-1984","review_all_source","source is configured for manual review"
"計画","けいかく","ninjal-educational-vocab-1984","duplicate_kana_cross_source","same kana already accepted from ninjal-basic-vocab-2009"
"警官","けいかん","ninjal-educational-vocab-1984","duplicate_kana_cross_source","same kana already accepted from ninjal-basic-vocab-2009"
"景気","けいき","ninjal-educational-vocab-1984","duplicate_kana_cross_source","same kana already accepted from ninjal-basic-vocab-2009"
"経験","けいけん","ninjal-educational-vocab-1984","duplicate_kana_cross_source","same kana already accepted from ninjal-basic-vocab-2009"
"傾向","けいこう","ninjal-educational-vocab-1984","duplicate_kana_cross_source","same kana already accepted from ninjal-basic-vocab-2009"
"経済","けいざい","ninjal-educational-vocab-1984","duplicate_kana_cross_source","same kana already accepted from ninjal-basic-vocab-2009"
"警察","けいさつ","ninjal-educational-vocab-1984","duplicate_kana_cross_source","same kana already accepted from ninjal-basic-vocab-2009"
"計算","けいさん","ninjal-educational-vocab-1984","duplicate_kana_cross_source","same kana already accepted from ninjal-basic-vocab-2009"
"形式","けいしき","ninjal-educational-vocab-1984","duplicate_kana_cross_source","same kana already accepted from ninjal-basic-vocab-2009"
"芸術","げいじゅつ","ninjal-educational-vocab-1984","duplicate_kana_cross_source","same kana already accepted from ninjal-basic-vocab-2009"
"怪我","けが","ninjal-educational-vocab-1984","duplicate_kana_cross_source","same kana already accepted from ninjal-basic-vocab-2009"
"劇","げき","ninjal-educational-vocab-1984","duplicate_kana_cross_source","same kana already accepted from ninjal-basic-vocab-2009"
"今朝","けさ","ninjal-educational-vocab-1984","review_all_source","source is configured for manual review"
"景色","けしき","ninjal-educational-vocab-1984","review_all_source","source is configured for manual review"
"消","けしごむ","ninjal-educational-vocab-1984","duplicate_kana_cross_source","same kana already accepted from ninjal-basic-vocab-2009"
"下宿","げしゅく","ninjal-educational-vocab-1984","duplicate_kana_cross_source","same kana already accepted from ninjal-basic-vocab-2009"
"化粧","けしょう","ninjal-educational-vocab-1984","duplicate_kana_cross_source","same kana already accepted from ninjal-basic-vocab-2009"
"消","けす","ninjal-educational-vocab-1984","review_all_source","source is configured for manual review"
"削","けずる","ninjal-educational-vocab-1984","review_all_source","source is configured for manual review"
"下駄","げた","ninjal-educational-vocab-1984","duplicate_kana_cross_source","same kana already accepted from ninjal-basic-vocab-2009"
"血液","けつえき","ninjal-educational-vocab-1984","duplicate_kana_cross_source","same kana already accepted from ninjal-basic-vocab-2009"
"結果","けっか","ninjal-educational-vocab-1984","duplicate_kana_cross_source","same kana already accepted from ninjal-basic-vocab-2009"
"結局","けっきょく","ninjal-educational-vocab-1984","duplicate_kana_cross_source","same kana already accepted from ninjal-basic-vocab-2009"
"結構","けっこう","ninjal-educational-vocab-1984","duplicate_kana_cross_source","same kana already accepted from ninjal-basic-vocab-2009"
"結婚","けっこん","ninjal-educational-vocab-1984","duplicate_kana_cross_source","same kana already accepted from ninjal-basic-vocab-2009"
"決","けっして","ninjal-educational-vocab-1984","review_all_source","source is configured for manual review"
"決心","けっしん","ninjal-educational-vocab-1984","duplicate_kana_cross_source","same kana already accepted from ninjal-basic-vocab-2009"
"欠席","けっせき","ninjal-educational-vocab-1984","duplicate_kana_cross_source","same kana already accepted from ninjal-basic-vocab-2009"
"決定","けってい","ninjal-educational-vocab-1984","duplicate_kana_cross_source","same kana already accepted from ninjal-basic-vocab-2009"
"欠点","けってん","ninjal-educational-vocab-1984","duplicate_kana_cross_source","same kana already accepted from ninjal-basic-vocab-2009"
"煙","けむり","ninjal-educational-vocab-1984","duplicate_kana_cross_source","same kana already accepted from ninjal-basic-vocab-2009"
"下痢","げり","ninjal-educational-vocab-1984","duplicate_kana_cross_source","same kana already accepted from ninjal-basic-vocab-2009"
"蹴","ける","ninjal-educational-vocab-1984","review_all_source","source is configured for manual review"
"けれども","けれども","ninjal-educational-vocab-1984","review_all_source","source is configured for manual review"
"県","けん","ninjal-educational-vocab-1984","duplicate_kana_cross_source","same kana already accepted from ninjal-basic-vocab-2009"
"原因","げんいん","ninjal-educational-vocab-1984","duplicate_kana_cross_source","same kana already accepted from ninjal-basic-vocab-2009"
"喧嘩","けんか","ninjal-educational-vocab-1984","duplicate_kana_cross_source","same kana already accepted from ninjal-basic-vocab-2009"
"玄関","げんかん","ninjal-educational-vocab-1984","duplicate_kana_cross_source","same kana already accepted from ninjal-basic-vocab-2009"
"元気","げんき","ninjal-educational-vocab-1984","duplicate_kana_cross_source","same kana already accepted from ninjal-basic-vocab-2009"
"研究","けんきゅう","ninjal-educational-vocab-1984","duplicate_kana_cross_source","same kana already accepted from ninjal-basic-vocab-2009"
"現金","げんきん","ninjal-educational-vocab-1984","duplicate_kana_cross_source","same kana already accepted from ninjal-basic-vocab-2009"
"言語","げんご","ninjal-educational-vocab-1984","duplicate_kana_cross_source","same kana already accepted from ninjal-basic-vocab-2009"
"健康","けんこう","ninjal-educational-vocab-1984","duplicate_kana_cross_source","same kana already accepted from ninjal-basic-vocab-2009"
"検査","けんさ","ninjal-educational-vocab-1984","duplicate_kana_cross_source","same kana already accepted from ninjal-basic-vocab-2009"
"現在","げんざい","ninjal-educational-vocab-1984","duplicate_kana_cross_source","same kana already accepted from ninjal-basic-vocab-2009"
"建設","けんせつ","ninjal-educational-vocab-1984","duplicate_kana_cross_source","same kana already accepted from ninjal-basic-vocab-2009"
"原則","げんそく","ninjal-educational-vocab-1984","duplicate_kana_cross_source","same kana already accepted from ninjal-basic-vocab-2009"
"現代","げんだい","ninjal-educational-vocab-1984","duplicate_kana_cross_source","same kana already accepted from ninjal-basic-vocab-2009"
"建築","けんちく","ninjal-educational-vocab-1984","duplicate_kana_cross_source","same kana already accepted from ninjal-basic-vocab-2009"
"見物","けんぶつ","ninjal-educational-vocab-1984","duplicate_kana_cross_source","same kana already accepted from ninjal-basic-vocab-2009"
"権利","けんり","ninjal-educational-vocab-1984","duplicate_kana_cross_source","same kana already accepted from ninjal-basic-vocab-2009"
"濃","こい","ninjal-educational-vocab-1984","duplicate_kana_cross_source","same kana already accepted from ninjal-basic-vocab-2009"
"恋人","こいびと","ninjal-educational-vocab-1984","duplicate_kana_cross_source","same kana already accepted from ninjal-basic-vocab-2009"
"こう","こう","ninjal-educational-vocab-1984","duplicate_kana_cross_source","same kana already accepted from ninjal-basic-vocab-2009"
"公園","こうえん","ninjal-educational-vocab-1984","duplicate_kana_cross_source","same kana already accepted from ninjal-basic-vocab-2009"
"効果","こうか","ninjal-educational-vocab-1984","duplicate_kana_cross_source","same kana already accepted from ninjal-basic-vocab-2009"
"後悔","こうかい","ninjal-educational-vocab-1984","duplicate_kana_cross_source","same kana already accepted from ninjal-basic-vocab-2009"
"郊外","こうがい","ninjal-educational-vocab-1984","duplicate_kana_cross_source","same kana already accepted from ninjal-basic-vocab-2009"
"講義","こうぎ","ninjal-educational-vocab-1984","duplicate_kana_cross_source","same kana already accepted from ninjal-basic-vocab-2009"
"工業","こうぎょう","ninjal-educational-vocab-1984","duplicate_kana_cross_source","same kana already accepted from ninjal-basic-vocab-2009"
"航空便","こうくうびん","ninjal-educational-vocab-1984","duplicate_kana_cross_source","same kana already accepted from ninjal-basic-vocab-2009"
"合計","ごうけい","ninjal-educational-vocab-1984","duplicate_kana_cross_source","same kana already accepted from ninjal-basic-vocab-2009"
"高校","こうこう","ninjal-educational-vocab-1984","duplicate_kana_cross_source","same kana already accepted from ninjal-basic-vocab-2009"
"広告","こうこく","ninjal-educational-vocab-1984","duplicate_kana_cross_source","same kana already accepted from ninjal-basic-vocab-2009"
"交際","こうさい","ninjal-educational-vocab-1984","duplicate_kana_cross_source","same kana already accepted from ninjal-basic-vocab-2009"
"工事","こうじ","ninjal-educational-vocab-1984","duplicate_kana_cross_source","same kana already accepted from ninjal-basic-vocab-2009"
"交通","こうつう","ninjal-educational-vocab-1984","duplicate_kana_cross_source","same kana already accepted from ninjal-basic-vocab-2009"
"肯定","こうてい","ninjal-educational-vocab-1984","duplicate_kana_cross_source","same kana already accepted from ninjal-basic-vocab-2009"
"行動","こうどう","ninjal-educational-vocab-1984","duplicate_kana_cross_source","same kana already accepted from ninjal-basic-vocab-2009"
"交番","こうばん","ninjal-educational-vocab-1984","duplicate_kana_cross_source","same kana already accepted from ninjal-basic-vocab-2009"
"幸福","こうふく","ninjal-educational-vocab-1984","duplicate_kana_cross_source","same kana already accepted from ninjal-basic-vocab-2009"
"公平","こうへい","ninjal-educational-vocab-1984","duplicate_kana_cross_source","same kana already accepted from ninjal-basic-vocab-2009"
"声","こえ","ninjal-educational-vocab-1984","duplicate_kana_cross_source","same kana already accepted from ninjal-basic-vocab-2009"
"越","こえる","ninjal-educational-vocab-1984","review_all_source","source is configured for manual review"
"コーヒー","こーひー","ninjal-educational-vocab-1984","review_all_source","source is configured for manual review"
"氷","こおり","ninjal-educational-vocab-1984","duplicate_kana_cross_source","same kana already accepted from ninjal-basic-vocab-2009"
"凍","こおる","ninjal-educational-vocab-1984","review_all_source","source is configured for manual review"
"誤解","ごかい","ninjal-educational-vocab-1984","duplicate_kana_cross_source","same kana already accepted from ninjal-basic-vocab-2009"
"呼吸","こきゅう","ninjal-educational-vocab-1984","duplicate_kana_cross_source","same kana already accepted from ninjal-basic-vocab-2009"
"国語","こくご","ninjal-educational-vocab-1984","duplicate_kana_cross_source","same kana already accepted from ninjal-basic-vocab-2009"
"国際","こくさい","ninjal-educational-vocab-1984","duplicate_kana_cross_source","same kana already accepted from ninjal-basic-vocab-2009"
"国籍","こくせき","ninjal-educational-vocab-1984","duplicate_kana_cross_source","same kana already accepted from ninjal-basic-vocab-2009"
"国鉄","こくてつ","ninjal-educational-vocab-1984","duplicate_kana_cross_source","same kana already accepted from ninjal-basic-vocab-2009"
"黒板","こくばん","ninjal-educational-vocab-1984","duplicate_kana_cross_source","same kana already accepted from ninjal-basic-vocab-2009"
"国民","こくみん","ninjal-educational-vocab-1984","duplicate_kana_cross_source","same kana already accepted from ninjal-basic-vocab-2009"
"ここ","ここ","ninjal-educational-vocab-1984","duplicate_kana_cross_source","same kana already accepted from ninjal-basic-vocab-2009"
"九日","ここのか","ninjal-educational-vocab-1984","duplicate_kana_cross_source","same kana already accepted from ninjal-basic-vocab-2009"
"九","ここのつ","ninjal-educational-vocab-1984","duplicate_kana_cross_source","same kana already accepted from ninjal-basic-vocab-2009"
"心","こころ","ninjal-educational-vocab-1984","duplicate_kana_cross_source","same kana already accepted from ninjal-basic-vocab-2009"
"ございます","ございます","ninjal-educational-vocab-1984","review_all_source","source is configured for manual review"
"腰","こし","ninjal-educational-vocab-1984","duplicate_kana_cross_source","same kana already accepted from ninjal-basic-vocab-2009"
"腰掛","こしかける","ninjal-educational-vocab-1984","review_all_source","source is configured for manual review"
"故障","こしょう","ninjal-educational-vocab-1984","duplicate_kana_cross_source","same kana already accepted from ninjal-basic-vocab-2009"
"こする","こする","ninjal-educational-vocab-1984","review_all_source","source is configured for manual review"
"午前","ごぜん","ninjal-educational-vocab-1984","duplicate_kana_cross_source","same kana already accepted from ninjal-basic-vocab-2009"
"答","こたえ","ninjal-educational-vocab-1984","duplicate_kana_cross_source","same kana already accepted from ninjal-basic-vocab-2009"
"答","こたえる","ninjal-educational-vocab-1984","review_all_source","source is configured for manual review"
"御馳走","ごちそう","ninjal-educational-vocab-1984","duplicate_kana_cross_source","same kana already accepted from ninjal-basic-vocab-2009"
"小遣","こづかい","ninjal-educational-vocab-1984","duplicate_kana_cross_source","same kana already accepted from ninjal-basic-vocab-2009"
"コップ","こっぷ","ninjal-educational-vocab-1984","review_all_source","source is configured for manual review"
"事","こと","ninjal-educational-vocab-1984","duplicate_kana_cross_source","same kana already accepted from ninjal-basic-vocab-2009"
"今年","ことし","ninjal-educational-vocab-1984","review_all_source","source is configured for manual review"
"言葉","ことば","ninjal-educational-vocab-1984","duplicate_kana_cross_source","same kana already accepted from ninjal-basic-vocab-2009"
"子供","こども","ninjal-educational-vocab-1984","duplicate_kana_cross_source","same kana already accepted from ninjal-basic-vocab-2009"
"断","ことわる","ninjal-educational-vocab-1984","review_all_source","source is configured for manual review"
"この","この","ninjal-educational-vocab-1984","review_all_source","source is configured for manual review"
"このごろ","このごろ","ninjal-educational-vocab-1984","duplicate_kana_cross_source","same kana already accepted from ninjal-basic-vocab-2009"
"御飯","ごはん","ninjal-educational-vocab-1984","duplicate_kana_cross_source","same kana already accepted from ninjal-basic-vocab-2009"
"細","こまかいな","ninjal-educational-vocab-1984","review_all_source","source is configured for manual review"
"困","こまる","ninjal-educational-vocab-1984","review_all_source","source is configured for manual review"
"ごみ","ごみ","ninjal-educational-vocab-1984","duplicate_kana_cross_source","same kana already accepted from ninjal-basic-vocab-2009"
"こむ","こむ","ninjal-educational-vocab-1984","review_all_source","source is configured for manual review"
"ゴム","ごむ","ninjal-educational-vocab-1984","review_all_source","source is configured for manual review"
"米","こめ","ninjal-educational-vocab-1984","duplicate_kana_cross_source","same kana already accepted from ninjal-basic-vocab-2009"
"御免","ごめん","ninjal-educational-vocab-1984","duplicate_kana_cross_source","same kana already accepted from ninjal-basic-vocab-2009"
"御覧","ごらん","ninjal-educational-vocab-1984","duplicate_kana_cross_source","same kana already accepted from ninjal-basic-vocab-2009"
"これ","これ","ninjal-educational-vocab-1984","review_all_source","source is configured for manual review"
"これから","これから","ninjal-educational-vocab-1984","duplicate_kana_cross_source","same kana already accepted from ninjal-basic-vocab-2009"
"頃","ころ","ninjal-educational-vocab-1984","duplicate_kana_cross_source","same kana already accepted from ninjal-basic-vocab-2009"
"殺","ころす","ninjal-educational-vocab-1984","review_all_source","source is configured for manual review"
"転","ころぶ","ninjal-educational-vocab-1984","review_all_source","source is configured for manual review"
"怖","こわい","ninjal-educational-vocab-1984","review_all_source","source is configured for manual review"
"壊","こわす","ninjal-educational-vocab-1984","review_all_source","source is configured for manual review"
"壊","こわれる","ninjal-educational-vocab-1984","review_all_source","source is configured for manual review"
"今月","こんげつ","ninjal-educational-vocab-1984","duplicate_kana_cross_source","same kana already accepted from ninjal-basic-vocab-2009"
"今週","こんしゅう","ninjal-educational-vocab-1984","duplicate_kana_cross_source","same kana already accepted from ninjal-basic-vocab-2009"
"今度","こんど","ninjal-educational-vocab-1984","duplicate_kana_cross_source","same kana already accepted from ninjal-basic-vocab-2009"
"こんな","こんな","ninjal-educational-vocab-1984","review_all_source","source is configured for manual review"
"困難","こんなん","ninjal-educational-vocab-1984","duplicate_kana_cross_source","same kana already accepted from ninjal-basic-vocab-2009"
"今日","こんにちは","ninjal-educational-vocab-1984","review_all_source","source is configured for manual review"
"今晩","こんばん","ninjal-educational-vocab-1984","duplicate_kana_cross_source","same kana already accepted from ninjal-basic-vocab-2009"
"今晩","こんばんは","ninjal-educational-vocab-1984","review_all_source","source is configured for manual review"
"今夜","こんや","ninjal-educational-vocab-1984","duplicate_kana_cross_source","same kana already accepted from ninjal-basic-vocab-2009"
"混乱","こんらん","ninjal-educational-vocab-1984","duplicate_kana_cross_source","same kana already accepted from ninjal-basic-vocab-2009"
"さあ","さあ","ninjal-educational-vocab-1984","review_all_source","source is configured for manual review"
"最近","さいきん","ninjal-educational-vocab-1984","duplicate_kana_cross_source","same kana already accepted from ninjal-basic-vocab-2009"
"最後","さいご","ninjal-educational-vocab-1984","duplicate_kana_cross_source","same kana already accepted from ninjal-basic-vocab-2009"
"財産","ざいさん","ninjal-educational-vocab-1984","duplicate_kana_cross_source","same kana already accepted from ninjal-basic-vocab-2009"
"最初","さいしょ","ninjal-educational-vocab-1984","duplicate_kana_cross_source","same kana already accepted from ninjal-basic-vocab-2009"
"催促","さいそく","ninjal-educational-vocab-1984","duplicate_kana_cross_source","same kana already accepted from ninjal-basic-vocab-2009"
"最中","さいちゅう","ninjal-educational-vocab-1984","duplicate_kana_cross_source","same kana already accepted from ninjal-basic-vocab-2009"
"才能","さいのう","ninjal-educational-vocab-1984","duplicate_kana_cross_source","same kana already accepted from ninjal-basic-vocab-2009"
"裁判","さいばん","ninjal-educational-vocab-1984","duplicate_kana_cross_source","same kana already accepted from ninjal-basic-vocab-2009"
"財布","さいふ","ninjal-educational-vocab-1984","duplicate_kana_cross_source","same kana already accepted from ninjal-basic-vocab-2009"
"材料","ざいりょう","ninjal-educational-vocab-1984","duplicate_kana_cross_source","same kana already accepted from ninjal-basic-vocab-2009"
"坂","さか","ninjal-educational-vocab-1984","duplicate_kana_cross_source","same kana already accepted from ninjal-basic-vocab-2009"
"境","さかい","ninjal-educational-vocab-1984","duplicate_kana_cross_source","same kana already accepted from ninjal-basic-vocab-2009"
"さがす","さがす","ninjal-educational-vocab-1984","review_all_source","source is configured for manual review"
"魚","さかな","ninjal-educational-vocab-1984","duplicate_kana_cross_source","same kana already accepted from ninjal-basic-vocab-2009"
"下","さがる","ninjal-educational-vocab-1984","review_all_source","source is configured for manual review"
"盛","さかん","ninjal-educational-vocab-1984","review_all_source","source is configured for manual review"
"先","さき","ninjal-educational-vocab-1984","duplicate_kana_cross_source","same kana already accepted from ninjal-basic-vocab-2009"
"作業","さぎょう","ninjal-educational-vocab-1984","duplicate_kana_cross_source","same kana already accepted from ninjal-basic-vocab-2009"
"咲","さく","ninjal-educational-vocab-1984","duplicate_kana_cross_source","same kana already accepted from ninjal-basic-vocab-2009"
"作者","さくしゃ","ninjal-educational-vocab-1984","duplicate_kana_cross_source","same kana already accepted from ninjal-basic-vocab-2009"
"昨年","さくねん","ninjal-educational-vocab-1984","duplicate_kana_cross_source","same kana already accepted from ninjal-basic-vocab-2009"
"作品","さくひん","ninjal-educational-vocab-1984","duplicate_kana_cross_source","same kana already accepted from ninjal-basic-vocab-2009"
"作文","さくぶん","ninjal-educational-vocab-1984","duplicate_kana_cross_source","same kana already accepted from ninjal-basic-vocab-2009"
"桜","さくら","ninjal-educational-vocab-1984","duplicate_kana_cross_source","same kana already accepted from ninjal-basic-vocab-2009"
"酒","さけ","ninjal-educational-vocab-1984","duplicate_kana_cross_source","same kana already accepted from ninjal-basic-vocab-2009"
"叫","さけぶ","ninjal-educational-vocab-1984","review_all_source","source is configured for manual review"
"避","さける","ninjal-educational-vocab-1984","review_all_source","source is configured for manual review"
"下","さげる","ninjal-educational-vocab-1984","review_all_source","source is configured for manual review"
"匙","さじ","ninjal-educational-vocab-1984","duplicate_kana_cross_source","same kana already accepted from ninjal-basic-vocab-2009"
"差上","さしあげる","ninjal-educational-vocab-1984","review_all_source","source is configured for manual review"
"さす","さす","ninjal-educational-vocab-1984","review_all_source","source is configured for manual review"
"誘","さそう","ninjal-educational-vocab-1984","review_all_source","source is configured for manual review"
"冊","さつ","ninjal-educational-vocab-1984","duplicate_kana_cross_source","same kana already accepted from ninjal-basic-vocab-2009"
"作家","さっか","ninjal-educational-vocab-1984","duplicate_kana_cross_source","same kana already accepted from ninjal-basic-vocab-2009"
"さっき","さっき","ninjal-educational-vocab-1984","duplicate_kana_cross_source","same kana already accepted from ninjal-basic-vocab-2009"
"雑誌","ざっし","ninjal-educational-vocab-1984","duplicate_kana_cross_source","same kana already accepted from ninjal-basic-vocab-2009"
"早速","さっそく","ninjal-educational-vocab-1984","review_all_source","source is configured for manual review"
"砂糖","さとう","ninjal-educational-vocab-1984","duplicate_kana_cross_source","same kana already accepted from ninjal-basic-vocab-2009"
"寂","さびしい","ninjal-educational-vocab-1984","review_all_source","source is configured for manual review"
"寒","さむい","ninjal-educational-vocab-1984","review_all_source","source is configured for manual review"
"覚","さめる","ninjal-educational-vocab-1984","review_all_source","source is configured for manual review"
"皿","さら","ninjal-educational-vocab-1984","duplicate_kana_cross_source","same kana already accepted from ninjal-basic-vocab-2009"
"再来年","さらいねん","ninjal-educational-vocab-1984","duplicate_kana_cross_source","same kana already accepted from ninjal-basic-vocab-2009"
"猿","さる","ninjal-educational-vocab-1984","duplicate_kana_cross_source","same kana already accepted from ninjal-basic-vocab-2009"
"騒","さわぐ","ninjal-educational-vocab-1984","review_all_source","source is configured for manual review"
"触","さわる","ninjal-educational-vocab-1984","review_all_source","source is configured for manual review"
"三","さん","ninjal-educational-vocab-1984","duplicate_kana_cross_source","same kana already accepted from ninjal-basic-vocab-2009"
"参加","さんか","ninjal-educational-vocab-1984","duplicate_kana_cross_source","same kana already accepted from ninjal-basic-vocab-2009"
"三角","さんかく","ninjal-educational-vocab-1984","duplicate_kana_cross_source","same kana already accepted from ninjal-basic-vocab-2009"
"産業","さんぎょう","ninjal-educational-vocab-1984","duplicate_kana_cross_source","same kana already accepted from ninjal-basic-vocab-2009"
"参考","さんこう","ninjal-educational-vocab-1984","duplicate_kana_cross_source","same kana already accepted from ninjal-basic-vocab-2009"
"賛成","さんせい","ninjal-educational-vocab-1984","duplicate_kana_cross_source","same kana already accepted from ninjal-basic-vocab-2009"
"残念","ざんねん","ninjal-educational-vocab-1984","duplicate_kana_cross_source","same kana already accepted from ninjal-basic-vocab-2009"
"散歩","さんぽ","ninjal-educational-vocab-1984","duplicate_kana_cross_source","same kana already accepted from ninjal-basic-vocab-2009"
"試合","しあい","ninjal-educational-vocab-1984","duplicate_kana_cross_source","same kana already accepted from ninjal-basic-vocab-2009"
"幸","しあわせ","ninjal-educational-vocab-1984","duplicate_kana_cross_source","same kana already accepted from ninjal-basic-vocab-2009"
"塩","しお","ninjal-educational-vocab-1984","duplicate_kana_cross_source","same kana already accepted from ninjal-basic-vocab-2009"
"四角","しかく","ninjal-educational-vocab-1984","duplicate_kana_cross_source","same kana already accepted from ninjal-basic-vocab-2009"
"四角","しかくいな","ninjal-educational-vocab-1984","review_all_source","source is configured for manual review"
"しかし","しかし","ninjal-educational-vocab-1984","review_all_source","source is configured for manual review"
"仕方","しかた","ninjal-educational-vocab-1984","duplicate_kana_cross_source","same kana already accepted from ninjal-basic-vocab-2009"
"しかも","しかも","ninjal-educational-vocab-1984","review_all_source","source is configured for manual review"
"叱","しかる","ninjal-educational-vocab-1984","review_all_source","source is configured for manual review"
"時間","じかん","ninjal-educational-vocab-1984","duplicate_kana_cross_source","same kana already accepted from ninjal-basic-vocab-2009"
"式","しき","ninjal-educational-vocab-1984","duplicate_kana_cross_source","same kana already accepted from ninjal-basic-vocab-2009"
"敷","しく","ninjal-educational-vocab-1984","review_all_source","source is configured for manual review"
"刺激","しげき","ninjal-educational-vocab-1984","duplicate_kana_cross_source","same kana already accepted from ninjal-basic-vocab-2009"
"茂","しげる","ninjal-educational-vocab-1984","review_all_source","source is configured for manual review"
"試験","しけん","ninjal-educational-vocab-1984","duplicate_kana_cross_source","same kana already accepted from ninjal-basic-vocab-2009"
"事件","じけん","ninjal-educational-vocab-1984","duplicate_kana_cross_source","same kana already accepted from ninjal-basic-vocab-2009"
"事故","じこ","ninjal-educational-vocab-1984","duplicate_kana_cross_source","same kana already accepted from ninjal-basic-vocab-2009"
"仕事","しごと","ninjal-educational-vocab-1984","duplicate_kana_cross_source","same kana already accepted from ninjal-basic-vocab-2009"
"事実","じじつ","ninjal-educational-vocab-1984","duplicate_kana_cross_source","same kana already accepted from ninjal-basic-vocab-2009"
"支出","ししゅつ","ninjal-educational-vocab-1984","duplicate_kana_cross_source","same kana already accepted from ninjal-basic-vocab-2009"
"辞書","じしょ","ninjal-educational-vocab-1984","duplicate_kana_cross_source","same kana already accepted from ninjal-basic-vocab-2009"
"事情","じじょう","ninjal-educational-vocab-1984","duplicate_kana_cross_source","same kana already accepted from ninjal-basic-vocab-2009"
"地震","じしん","ninjal-educational-vocab-1984","duplicate_kana_cross_source","same kana already accepted from ninjal-basic-vocab-2009"
"静","しずか","ninjal-educational-vocab-1984","review_all_source","source is configured for manual review"
"沈","しずむ","ninjal-educational-vocab-1984","review_all_source","source is configured for manual review"
"自然","しぜんに","ninjal-educational-vocab-1984","review_all_source","source is configured for manual review"
"思想","しそう","ninjal-educational-vocab-1984","duplicate_kana_cross_source","same kana already accepted from ninjal-basic-vocab-2009"
"下","した","ninjal-educational-vocab-1984","duplicate_kana_cross_source","same kana already accepted from ninjal-basic-vocab-2009"
"時代","じだい","ninjal-educational-vocab-1984","duplicate_kana_cross_source","same kana already accepted from ninjal-basic-vocab-2009"
"従","したがう","ninjal-educational-vocab-1984","review_all_source","source is configured for manual review"
"従","したがって","ninjal-educational-vocab-1984","review_all_source","source is configured for manual review"
"下着","したぎ","ninjal-educational-vocab-1984","duplicate_kana_cross_source","same kana already accepted from ninjal-basic-vocab-2009"
"仕度","したく","ninjal-educational-vocab-1984","duplicate_kana_cross_source","same kana already accepted from ninjal-basic-vocab-2009"
"親","したしい","ninjal-educational-vocab-1984","review_all_source","source is configured for manual review"
"七","しち","ninjal-educational-vocab-1984","duplicate_kana_cross_source","same kana already accepted from ninjal-basic-vocab-2009"
"しっかり","しっかり","ninjal-educational-vocab-1984","review_all_source","source is configured for manual review"
"失業","しつぎょう","ninjal-educational-vocab-1984","duplicate_kana_cross_source","same kana already accepted from ninjal-basic-vocab-2009"
"実験","じっけん","ninjal-educational-vocab-1984","duplicate_kana_cross_source","same kana already accepted from ninjal-basic-vocab-2009"
"実現","じつげん","ninjal-educational-vocab-1984","duplicate_kana_cross_source","same kana already accepted from ninjal-basic-vocab-2009"
"実行","じっこう","ninjal-educational-vocab-1984","duplicate_kana_cross_source","same kana already accepted from ninjal-basic-vocab-2009"
"実際","じっさい","ninjal-educational-vocab-1984","duplicate_kana_cross_source","same kana already accepted from ninjal-basic-vocab-2009"
"失敗","しっぱい","ninjal-educational-vocab-1984","duplicate_kana_cross_source","same kana already accepted from ninjal-basic-vocab-2009"
"質問","しつもん","ninjal-educational-vocab-1984","duplicate_kana_cross_source","same kana already accepted from ninjal-basic-vocab-2009"
"失礼","しつれい","ninjal-educational-vocab-1984","duplicate_kana_cross_source","same kana already accepted from ninjal-basic-vocab-2009"
"自転車","じてんしゃ","ninjal-educational-vocab-1984","duplicate_kana_cross_source","same kana already accepted from ninjal-basic-vocab-2009"
"指導","しどう","ninjal-educational-vocab-1984","duplicate_kana_cross_source","same kana already accepted from ninjal-basic-vocab-2009"
"自動車","じどうしゃ","ninjal-educational-vocab-1984","duplicate_kana_cross_source","same kana already accepted from ninjal-basic-vocab-2009"
"品物","しなもの","ninjal-educational-vocab-1984","duplicate_kana_cross_source","same kana already accepted from ninjal-basic-vocab-2009"
"死","しぬ","ninjal-educational-vocab-1984","review_all_source","source is configured for manual review"
"支配","しはい","ninjal-educational-vocab-1984","duplicate_kana_cross_source","same kana already accepted from ninjal-basic-vocab-2009"
"芝居","しばい","ninjal-educational-vocab-1984","duplicate_kana_cross_source","same kana already accepted from ninjal-basic-vocab-2009"
"しばらく","しばらく","ninjal-educational-vocab-1984","review_all_source","source is configured for manual review"
"縛","しばる","ninjal-educational-vocab-1984","review_all_source","source is configured for manual review"
"字引","じびき","ninjal-educational-vocab-1984","duplicate_kana_cross_source","same kana already accepted from ninjal-basic-vocab-2009"
"渋","しぶい","ninjal-educational-vocab-1984","review_all_source","source is configured for manual review"
"自分","じぶん","ninjal-educational-vocab-1984","duplicate_kana_cross_source","same kana already accepted from ninjal-basic-vocab-2009"
"島","しま","ninjal-educational-vocab-1984","duplicate_kana_cross_source","same kana already accepted from ninjal-basic-vocab-2009"
"仕舞","しまう","ninjal-educational-vocab-1984","review_all_source","source is configured for manual review"
"しまる","しまる","ninjal-educational-vocab-1984","review_all_source","source is configured for manual review"
"地味","じみ","ninjal-educational-vocab-1984","duplicate_kana_cross_source","same kana already accepted from ninjal-basic-vocab-2009"
"市民","しみん","ninjal-educational-vocab-1984","duplicate_kana_cross_source","same kana already accepted from ninjal-basic-vocab-2009"
"事務","じむ","ninjal-educational-vocab-1984","duplicate_kana_cross_source","same kana already accepted from ninjal-basic-vocab-2009"
"事務所","じむしょ","ninjal-educational-vocab-1984","duplicate_kana_cross_source","same kana already accepted from ninjal-basic-vocab-2009"
"示","しめす","ninjal-educational-vocab-1984","review_all_source","source is configured for manual review"
"しめる","しめる","ninjal-educational-vocab-1984","review_all_source","source is configured for manual review"
"じゃあ","じゃあ","ninjal-educational-vocab-1984","review_all_source","source is configured for manual review"
"社会","しゃかい","ninjal-educational-vocab-1984","duplicate_kana_cross_source","same kana already accepted from ninjal-basic-vocab-2009"
"写真","しゃしん","ninjal-educational-vocab-1984","duplicate_kana_cross_source","same kana already accepted from ninjal-basic-vocab-2009"
"シャツ","しゃつ","ninjal-educational-vocab-1984","duplicate_kana_cross_source","same kana already accepted from ninjal-basic-vocab-2009"
"しゃべる","しゃべる","ninjal-educational-vocab-1984","duplicate_kana_cross_source","same kana already accepted from ninjal-basic-vocab-2009"
"邪魔","じゃま","ninjal-educational-vocab-1984","duplicate_kana_cross_source","same kana already accepted from ninjal-basic-vocab-2009"
"週","しゅう","ninjal-educational-vocab-1984","duplicate_kana_cross_source","same kana already accepted from ninjal-basic-vocab-2009"
"十","じゅう","ninjal-educational-vocab-1984","duplicate_kana_cross_source","same kana already accepted from ninjal-basic-vocab-2009"
"自由","じゆう","ninjal-educational-vocab-1984","duplicate_kana_cross_source","same kana already accepted from ninjal-basic-vocab-2009"
"習慣","しゅうかん","ninjal-educational-vocab-1984","duplicate_kana_cross_source","same kana already accepted from ninjal-basic-vocab-2009"
"宗教","しゅうきょう","ninjal-educational-vocab-1984","duplicate_kana_cross_source","same kana already accepted from ninjal-basic-vocab-2009"
"住所","じゅうしょ","ninjal-educational-vocab-1984","duplicate_kana_cross_source","same kana already accepted from ninjal-basic-vocab-2009"
"就職","しゅうしょく","ninjal-educational-vocab-1984","duplicate_kana_cross_source","same kana already accepted from ninjal-basic-vocab-2009"
"収入","しゅうにゅう","ninjal-educational-vocab-1984","duplicate_kana_cross_source","same kana already accepted from ninjal-basic-vocab-2009"
"十分","じゅうぶん","ninjal-educational-vocab-1984","review_all_source","source is configured for manual review"
"重要","じゅうよう","ninjal-educational-vocab-1984","duplicate_kana_cross_source","same kana already accepted from ninjal-basic-vocab-2009"
"修理","しゅうり","ninjal-educational-vocab-1984","duplicate_kana_cross_source","same kana already accepted from ninjal-basic-vocab-2009"
"主義","しゅぎ","ninjal-educational-vocab-1984","duplicate_kana_cross_source","same kana already accepted from ninjal-basic-vocab-2009"
"授業","じゅぎょう","ninjal-educational-vocab-1984","duplicate_kana_cross_source","same kana already accepted from ninjal-basic-vocab-2009"
"受験","じゅけん","ninjal-educational-vocab-1984","duplicate_kana_cross_source","same kana already accepted from ninjal-basic-vocab-2009"
"手術","しゅじゅつ","ninjal-educational-vocab-1984","duplicate_kana_cross_source","same kana already accepted from ninjal-basic-vocab-2009"
"主人","しゅじん","ninjal-educational-vocab-1984","duplicate_kana_cross_source","same kana already accepted from ninjal-basic-vocab-2009"
"手段","しゅだん","ninjal-educational-vocab-1984","duplicate_kana_cross_source","same kana already accepted from ninjal-basic-vocab-2009"
"主張","しゅちょう","ninjal-educational-vocab-1984","duplicate_kana_cross_source","same kana already accepted from ninjal-basic-vocab-2009"
"出席","しゅっせき","ninjal-educational-vocab-1984","duplicate_kana_cross_source","same kana already accepted from ninjal-basic-vocab-2009"
"出発","しゅっぱつ","ninjal-educational-vocab-1984","duplicate_kana_cross_source","same kana already accepted from ninjal-basic-vocab-2009"
"出版","しゅっぱん","ninjal-educational-vocab-1984","duplicate_kana_cross_source","same kana already accepted from ninjal-basic-vocab-2009"
"趣味","しゅみ","ninjal-educational-vocab-1984","duplicate_kana_cross_source","same kana already accepted from ninjal-basic-vocab-2009"
"種類","しゅるい","ninjal-educational-vocab-1984","duplicate_kana_cross_source","same kana already accepted from ninjal-basic-vocab-2009"
"順","じゅん","ninjal-educational-vocab-1984","duplicate_kana_cross_source","same kana already accepted from ninjal-basic-vocab-2009"
"巡査","じゅんさ","ninjal-educational-vocab-1984","duplicate_kana_cross_source","same kana already accepted from ninjal-basic-vocab-2009"
"順序","じゅんじょ","ninjal-educational-vocab-1984","duplicate_kana_cross_source","same kana already accepted from ninjal-basic-vocab-2009"
"準備","じゅんび","ninjal-educational-vocab-1984","duplicate_kana_cross_source","same kana already accepted from ninjal-basic-vocab-2009"
"小","しょう","ninjal-educational-vocab-1984","duplicate_kana_cross_source","same kana already accepted from ninjal-basic-vocab-2009"
"使用","しよう","ninjal-educational-vocab-1984","duplicate_kana_cross_source","same kana already accepted from ninjal-basic-vocab-2009"
"上","じょう","ninjal-educational-vocab-1984","duplicate_kana_cross_source","same kana already accepted from ninjal-basic-vocab-2009"
"紹介","しょうかい","ninjal-educational-vocab-1984","duplicate_kana_cross_source","same kana already accepted from ninjal-basic-vocab-2009"
"正月","しょうがつ","ninjal-educational-vocab-1984","duplicate_kana_cross_source","same kana already accepted from ninjal-basic-vocab-2009"
"小学校","しょうがっこう","ninjal-educational-vocab-1984","duplicate_kana_cross_source","same kana already accepted from ninjal-basic-vocab-2009"
"商業","しょうぎょう","ninjal-educational-vocab-1984","duplicate_kana_cross_source","same kana already accepted from ninjal-basic-vocab-2009"
"条件","じょうけん","ninjal-educational-vocab-1984","duplicate_kana_cross_source","same kana already accepted from ninjal-basic-vocab-2009"
"正直","しょうじき","ninjal-educational-vocab-1984","duplicate_kana_cross_source","same kana already accepted from ninjal-basic-vocab-2009"
"常識","じょうしき","ninjal-educational-vocab-1984","duplicate_kana_cross_source","same kana already accepted from ninjal-basic-vocab-2009"
"乗車","じょうしゃ","ninjal-educational-vocab-1984","duplicate_kana_cross_source","same kana already accepted from ninjal-basic-vocab-2009"
"少女","しょうじょ","ninjal-educational-vocab-1984","duplicate_kana_cross_source","same kana already accepted from ninjal-basic-vocab-2009"
"上手","じょうず","ninjal-educational-vocab-1984","review_all_source","source is configured for manual review"
"小説","しょうせつ","ninjal-educational-vocab-1984","duplicate_kana_cross_source","same kana already accepted from ninjal-basic-vocab-2009"
"招待","しょうたい","ninjal-educational-vocab-1984","duplicate_kana_cross_source","same kana already accepted from ninjal-basic-vocab-2009"
"状態","じょうたい","ninjal-educational-vocab-1984","duplicate_kana_cross_source","same kana already accepted from ninjal-basic-vocab-2009"
"承知","しょうち","ninjal-educational-vocab-1984","duplicate_kana_cross_source","same kana already accepted from ninjal-basic-vocab-2009"
"少年","しょうねん","ninjal-educational-vocab-1984","duplicate_kana_cross_source","same kana already accepted from ninjal-basic-vocab-2009"
"商売","しょうばい","ninjal-educational-vocab-1984","duplicate_kana_cross_source","same kana already accepted from ninjal-basic-vocab-2009"
"商品","しょうひん","ninjal-educational-vocab-1984","duplicate_kana_cross_source","same kana already accepted from ninjal-basic-vocab-2009"
"上品","じょうひん","ninjal-educational-vocab-1984","review_all_source","source is configured for manual review"
"丈夫","じょうぶ","ninjal-educational-vocab-1984","review_all_source","source is configured for manual review"
"証明","しょうめい","ninjal-educational-vocab-1984","duplicate_kana_cross_source","same kana already accepted from ninjal-basic-vocab-2009"
"醤油","しょうゆ","ninjal-educational-vocab-1984","duplicate_kana_cross_source","same kana already accepted from ninjal-basic-vocab-2009"
"将来","しょうらい","ninjal-educational-vocab-1984","duplicate_kana_cross_source","same kana already accepted from ninjal-basic-vocab-2009"
"職業","しょくぎょう","ninjal-educational-vocab-1984","duplicate_kana_cross_source","same kana already accepted from ninjal-basic-vocab-2009"
"食事","しょくじ","ninjal-educational-vocab-1984","duplicate_kana_cross_source","same kana already accepted from ninjal-basic-vocab-2009"
"食堂","しょくどう","ninjal-educational-vocab-1984","duplicate_kana_cross_source","same kana already accepted from ninjal-basic-vocab-2009"
"植物","しょくぶつ","ninjal-educational-vocab-1984","duplicate_kana_cross_source","same kana already accepted from ninjal-basic-vocab-2009"
"女性","じょせい","ninjal-educational-vocab-1984","duplicate_kana_cross_source","same kana already accepted from ninjal-basic-vocab-2009"
"知","しらせる","ninjal-educational-vocab-1984","review_all_source","source is configured for manual review"
"調","しらべる","ninjal-educational-vocab-1984","review_all_source","source is configured for manual review"
"知合","しりあい","ninjal-educational-vocab-1984","duplicate_kana_cross_source","same kana already accepted from ninjal-basic-vocab-2009"
"知","しる","ninjal-educational-vocab-1984","duplicate_kana_cross_source","same kana already accepted from ninjal-basic-vocab-2009"
"印","しるし","ninjal-educational-vocab-1984","duplicate_kana_cross_source","same kana already accepted from ninjal-basic-vocab-2009"
"白","しろ","ninjal-educational-vocab-1984","duplicate_kana_cross_source","same kana already accepted from ninjal-basic-vocab-2009"
"白","しろい","ninjal-educational-vocab-1984","review_all_source","source is configured for manual review"
"神経","しんけい","ninjal-educational-vocab-1984","duplicate_kana_cross_source","same kana already accepted from ninjal-basic-vocab-2009"
"信仰","しんこう","ninjal-educational-vocab-1984","duplicate_kana_cross_source","same kana already accepted from ninjal-basic-vocab-2009"
"信号","しんごう","ninjal-educational-vocab-1984","duplicate_kana_cross_source","same kana already accepted from ninjal-basic-vocab-2009"
"人口","じんこう","ninjal-educational-vocab-1984","duplicate_kana_cross_source","same kana already accepted from ninjal-basic-vocab-2009"
"神社","じんじゃ","ninjal-educational-vocab-1984","duplicate_kana_cross_source","same kana already accepted from ninjal-basic-vocab-2009"
"人生","じんせい","ninjal-educational-vocab-1984","duplicate_kana_cross_source","same kana already accepted from ninjal-basic-vocab-2009"
"親戚","しんせき","ninjal-educational-vocab-1984","duplicate_kana_cross_source","same kana already accepted from ninjal-basic-vocab-2009"
"親切","しんせつ","ninjal-educational-vocab-1984","duplicate_kana_cross_source","same kana already accepted from ninjal-basic-vocab-2009"
"心臓","しんぞう","ninjal-educational-vocab-1984","duplicate_kana_cross_source","same kana already accepted from ninjal-basic-vocab-2009"
"身長","しんちょう","ninjal-educational-vocab-1984","duplicate_kana_cross_source","same kana already accepted from ninjal-basic-vocab-2009"
"新年","しんねん","ninjal-educational-vocab-1984","duplicate_kana_cross_source","same kana already accepted from ninjal-basic-vocab-2009"
"心配","しんぱい","ninjal-educational-vocab-1984","duplicate_kana_cross_source","same kana already accepted from ninjal-basic-vocab-2009"
"新聞","しんぶん","ninjal-educational-vocab-1984","duplicate_kana_cross_source","same kana already accepted from ninjal-basic-vocab-2009"
"進歩","しんぽ","ninjal-educational-vocab-1984","duplicate_kana_cross_source","same kana already accepted from ninjal-basic-vocab-2009"
"信用","しんよう","ninjal-educational-vocab-1984","duplicate_kana_cross_source","same kana already accepted from ninjal-basic-vocab-2009"
"心理","しんり","ninjal-educational-vocab-1984","duplicate_kana_cross_source","same kana already accepted from ninjal-basic-vocab-2009"
"水泳","すいえい","ninjal-educational-vocab-1984","duplicate_kana_cross_source","same kana already accepted from ninjal-basic-vocab-2009"
"推薦","すいせん","ninjal-educational-vocab-1984","duplicate_kana_cross_source","same kana already accepted from ninjal-basic-vocab-2009"
"水道","すいどう","ninjal-educational-vocab-1984","duplicate_kana_cross_source","same kana already accepted from ninjal-basic-vocab-2009"
"随分","ずいぶん","ninjal-educational-vocab-1984","review_all_source","source is configured for manual review"
"吸","すう","ninjal-educational-vocab-1984","duplicate_kana_cross_source","same kana already accepted from ninjal-basic-vocab-2009"
"数字","すうじ","ninjal-educational-vocab-1984","duplicate_kana_cross_source","same kana already accepted from ninjal-basic-vocab-2009"
"スカート","すかーと","ninjal-educational-vocab-1984","duplicate_kana_cross_source","same kana already accepted from ninjal-basic-vocab-2009"
"姿","すがた","ninjal-educational-vocab-1984","duplicate_kana_cross_source","same kana already accepted from ninjal-basic-vocab-2009"
"好","すき","ninjal-educational-vocab-1984","duplicate_kana_cross_source","same kana already accepted from ninjal-basic-vocab-2009"
"過","すぎる","ninjal-educational-vocab-1984","review_all_source","source is configured for manual review"
"空","すく","ninjal-educational-vocab-1984","review_all_source","source is configured for manual review"
"すぐ","すぐ","ninjal-educational-vocab-1984","review_all_source","source is configured for manual review"
"少","すくない","ninjal-educational-vocab-1984","review_all_source","source is configured for manual review"
"すごい","すごい","ninjal-educational-vocab-1984","review_all_source","source is configured for manual review"
"少","すこし","ninjal-educational-vocab-1984","review_all_source","source is configured for manual review"
"過","すごす","ninjal-educational-vocab-1984","review_all_source","source is configured for manual review"
"筋","すじ","ninjal-educational-vocab-1984","duplicate_kana_cross_source","same kana already accepted from ninjal-basic-vocab-2009"
"涼","すずしい","ninjal-educational-vocab-1984","review_all_source","source is configured for manual review"
"進","すすむ","ninjal-educational-vocab-1984","review_all_source","source is configured for manual review"
"すすめる","すすめる","ninjal-educational-vocab-1984","review_all_source","source is configured for manual review"
"すっかり","すっかり","ninjal-educational-vocab-1984","review_all_source","source is configured for manual review"
"ずっと","ずっと","ninjal-educational-vocab-1984","review_all_source","source is configured for manual review"
"すっぱい","すっぱい","ninjal-educational-vocab-1984","review_all_source","source is configured for manual review"
"すてる","すてる","ninjal-educational-vocab-1984","review_all_source","source is configured for manual review"
"砂","すな","ninjal-educational-vocab-1984","duplicate_kana_cross_source","same kana already accepted from ninjal-basic-vocab-2009"
"すなわち","すなわち","ninjal-educational-vocab-1984","review_all_source","source is configured for manual review"
"素晴","すばらしい","ninjal-educational-vocab-1984","review_all_source","source is configured for manual review"
"すべて","すべて","ninjal-educational-vocab-1984","duplicate_kana_cross_source","same kana already accepted from ninjal-basic-vocab-2009"
"滑","すべる","ninjal-educational-vocab-1984","review_all_source","source is configured for manual review"
"スポーツ","すぽーつ","ninjal-educational-vocab-1984","duplicate_kana_cross_source","same kana already accepted from ninjal-basic-vocab-2009"
"ズボン","ずぼん","ninjal-educational-vocab-1984","review_all_source","source is configured for manual review"
"住","すまい","ninjal-educational-vocab-1984","duplicate_kana_cross_source","same kana already accepted from ninjal-basic-vocab-2009"
"隅","すみ","ninjal-educational-vocab-1984","duplicate_kana_cross_source","same kana already accepted from ninjal-basic-vocab-2009"
"すみません","すみません","ninjal-educational-vocab-1984","review_all_source","source is configured for manual review"
"住","すむ","ninjal-educational-vocab-1984","review_all_source","source is configured for manual review"
"為","する","ninjal-educational-vocab-1984","review_all_source","source is configured for manual review"
"狡","ずるい","ninjal-educational-vocab-1984","review_all_source","source is configured for manual review"
"すると","すると","ninjal-educational-vocab-1984","review_all_source","source is configured for manual review"
"鋭","するどい","ninjal-educational-vocab-1984","review_all_source","source is configured for manual review"
"坐","すわる","ninjal-educational-vocab-1984","review_all_source","source is configured for manual review"
"背","せい","ninjal-educational-vocab-1984","duplicate_kana_cross_source","same kana already accepted from ninjal-basic-vocab-2009"
"正確","せいかく","ninjal-educational-vocab-1984","duplicate_kana_cross_source","same kana already accepted from ninjal-basic-vocab-2009"
"生活","せいかつ","ninjal-educational-vocab-1984","duplicate_kana_cross_source","same kana already accepted from ninjal-basic-vocab-2009"
"税金","ぜいきん","ninjal-educational-vocab-1984","duplicate_kana_cross_source","same kana already accepted from ninjal-basic-vocab-2009"
"成功","せいこう","ninjal-educational-vocab-1984","duplicate_kana_cross_source","same kana already accepted from ninjal-basic-vocab-2009"
"政治","せいじ","ninjal-educational-vocab-1984","duplicate_kana_cross_source","same kana already accepted from ninjal-basic-vocab-2009"
"性質","せいしつ","ninjal-educational-vocab-1984","duplicate_kana_cross_source","same kana already accepted from ninjal-basic-vocab-2009"
"精神","せいしん","ninjal-educational-vocab-1984","duplicate_kana_cross_source","same kana already accepted from ninjal-basic-vocab-2009"
"成績","せいせき","ninjal-educational-vocab-1984","duplicate_kana_cross_source","same kana already accepted from ninjal-basic-vocab-2009"
"製造","せいぞう","ninjal-educational-vocab-1984","duplicate_kana_cross_source","same kana already accepted from ninjal-basic-vocab-2009"
"贅沢","ぜいたく","ninjal-educational-vocab-1984","duplicate_kana_cross_source","same kana already accepted from ninjal-basic-vocab-2009"
"成長","せいちょう","ninjal-educational-vocab-1984","duplicate_kana_cross_source","same kana already accepted from ninjal-basic-vocab-2009"
"生徒","せいと","ninjal-educational-vocab-1984","duplicate_kana_cross_source","same kana already accepted from ninjal-basic-vocab-2009"
"制度","せいど","ninjal-educational-vocab-1984","duplicate_kana_cross_source","same kana already accepted from ninjal-basic-vocab-2009"
"政党","せいとう","ninjal-educational-vocab-1984","duplicate_kana_cross_source","same kana already accepted from ninjal-basic-vocab-2009"
"青年","せいねん","ninjal-educational-vocab-1984","duplicate_kana_cross_source","same kana already accepted from ninjal-basic-vocab-2009"
"政府","せいふ","ninjal-educational-vocab-1984","duplicate_kana_cross_source","same kana already accepted from ninjal-basic-vocab-2009"
"西洋","せいよう","ninjal-educational-vocab-1984","duplicate_kana_cross_source","same kana already accepted from ninjal-basic-vocab-2009"
"整理","せいり","ninjal-educational-vocab-1984","duplicate_kana_cross_source","same kana already accepted from ninjal-basic-vocab-2009"
"世界","せかい","ninjal-educational-vocab-1984","duplicate_kana_cross_source","same kana already accepted from ninjal-basic-vocab-2009"
"咳","せき","ninjal-educational-vocab-1984","duplicate_kana_cross_source","same kana already accepted from ninjal-basic-vocab-2009"
"石炭","せきたん","ninjal-educational-vocab-1984","duplicate_kana_cross_source","same kana already accepted from ninjal-basic-vocab-2009"
"責任","せきにん","ninjal-educational-vocab-1984","duplicate_kana_cross_source","same kana already accepted from ninjal-basic-vocab-2009"
"石油","せきゆ","ninjal-educational-vocab-1984","duplicate_kana_cross_source","same kana already accepted from ninjal-basic-vocab-2009"
"折角","せっかく","ninjal-educational-vocab-1984","review_all_source","source is configured for manual review"
"石鹸","せっけん","ninjal-educational-vocab-1984","duplicate_kana_cross_source","same kana already accepted from ninjal-basic-vocab-2009"
"絶対","ぜったいに","ninjal-educational-vocab-1984","review_all_source","source is configured for manual review"
"設備","せつび","ninjal-educational-vocab-1984","duplicate_kana_cross_source","same kana already accepted from ninjal-basic-vocab-2009"
"説明","せつめい","ninjal-educational-vocab-1984","duplicate_kana_cross_source","same kana already accepted from ninjal-basic-vocab-2009"
"背中","せなか","ninjal-educational-vocab-1984","duplicate_kana_cross_source","same kana already accepted from ninjal-basic-vocab-2009"
"是非","ぜひ","ninjal-educational-vocab-1984","duplicate_kana_cross_source","same kana already accepted from ninjal-basic-vocab-2009"
"背広","せびろ","ninjal-educational-vocab-1984","duplicate_kana_cross_source","same kana already accepted from ninjal-basic-vocab-2009"
"狭","せまい","ninjal-educational-vocab-1984","review_all_source","source is configured for manual review"
"せめる","せめる","ninjal-educational-vocab-1984","review_all_source","source is configured for manual review"
"ゼロ","ぜろ","ninjal-educational-vocab-1984","review_all_source","source is configured for manual review"
"世話","せわ","ninjal-educational-vocab-1984","duplicate_kana_cross_source","same kana already accepted from ninjal-basic-vocab-2009"
"千","せん","ninjal-educational-vocab-1984","duplicate_kana_cross_source","same kana already accepted from ninjal-basic-vocab-2009"
"前","ぜん","ninjal-educational-vocab-1984","duplicate_kana_cross_source","same kana already accepted from ninjal-basic-vocab-2009"
"選挙","せんきょ","ninjal-educational-vocab-1984","duplicate_kana_cross_source","same kana already accepted from ninjal-basic-vocab-2009"
"先月","せんげつ","ninjal-educational-vocab-1984","duplicate_kana_cross_source","same kana already accepted from ninjal-basic-vocab-2009"
"全国","ぜんこく","ninjal-educational-vocab-1984","duplicate_kana_cross_source","same kana already accepted from ninjal-basic-vocab-2009"
"選手","せんしゅ","ninjal-educational-vocab-1984","duplicate_kana_cross_source","same kana already accepted from ninjal-basic-vocab-2009"
"先週","せんしゅう","ninjal-educational-vocab-1984","duplicate_kana_cross_source","same kana already accepted from ninjal-basic-vocab-2009"
"先生","せんせい","ninjal-educational-vocab-1984","duplicate_kana_cross_source","same kana already accepted from ninjal-basic-vocab-2009"
"全然","ぜんぜん","ninjal-educational-vocab-1984","review_all_source","source is configured for manual review"
"戦争","せんそう","ninjal-educational-vocab-1984","duplicate_kana_cross_source","same kana already accepted from ninjal-basic-vocab-2009"
"全体","ぜんたい","ninjal-educational-vocab-1984","duplicate_kana_cross_source","same kana already accepted from ninjal-basic-vocab-2009"
"洗濯","せんたく","ninjal-educational-vocab-1984","duplicate_kana_cross_source","same kana already accepted from ninjal-basic-vocab-2009"
"センチ","せんち","ninjal-educational-vocab-1984","duplicate_kana_cross_source","same kana already accepted from ninjal-basic-vocab-2009"
"全部","ぜんぶ","ninjal-educational-vocab-1984","duplicate_kana_cross_source","same kana already accepted from ninjal-basic-vocab-2009"
"専門","せんもん","ninjal-educational-vocab-1984","duplicate_kana_cross_source","same kana already accepted from ninjal-basic-vocab-2009"
"相","そう","ninjal-educational-vocab-1984","duplicate_kana_cross_source","same kana already accepted from ninjal-basic-vocab-2009"
"掃除","そうじ","ninjal-educational-vocab-1984","duplicate_kana_cross_source","same kana already accepted from ninjal-basic-vocab-2009"
"葬式","そうしき","ninjal-educational-vocab-1984","duplicate_kana_cross_source","same kana already accepted from ninjal-basic-vocab-2009"
"想像","そうぞう","ninjal-educational-vocab-1984","duplicate_kana_cross_source","same kana already accepted from ninjal-basic-vocab-2009"
"相談","そうだん","ninjal-educational-vocab-1984","duplicate_kana_cross_source","same kana already accepted from ninjal-basic-vocab-2009"
"底","そこ","ninjal-educational-vocab-1984","duplicate_kana_cross_source","same kana already accepted from ninjal-basic-vocab-2009"
"そこで","そこで","ninjal-educational-vocab-1984","review_all_source","source is configured for manual review"
"組織","そしき","ninjal-educational-vocab-1984","duplicate_kana_cross_source","same kana already accepted from ninjal-basic-vocab-2009"
"そして","そして","ninjal-educational-vocab-1984","review_all_source","source is configured for manual review"
"育","そだつ","ninjal-educational-vocab-1984","review_all_source","source is configured for manual review"
"育","そだてる","ninjal-educational-vocab-1984","review_all_source","source is configured for manual review"
"卒業","そつぎょう","ninjal-educational-vocab-1984","duplicate_kana_cross_source","same kana already accepted from ninjal-basic-vocab-2009"
"外","そと","ninjal-educational-vocab-1984","duplicate_kana_cross_source","same kana already accepted from ninjal-basic-vocab-2009"
"其","その","ninjal-educational-vocab-1984","review_all_source","source is configured for manual review"
"そのうえ","そのうえ","ninjal-educational-vocab-1984","review_all_source","source is configured for manual review"
"傍","そば","ninjal-educational-vocab-1984","duplicate_kana_cross_source","same kana already accepted from ninjal-basic-vocab-2009"
"空","そら","ninjal-educational-vocab-1984","duplicate_kana_cross_source","same kana already accepted from ninjal-basic-vocab-2009"
"剃","そる","ninjal-educational-vocab-1984","review_all_source","source is configured for manual review"
"それ","それ","ninjal-educational-vocab-1984","review_all_source","source is configured for manual review"
"それから","それから","ninjal-educational-vocab-1984","review_all_source","source is configured for manual review"
"それぞれ","それぞれ","ninjal-educational-vocab-1984","duplicate_kana_cross_source","same kana already accepted from ninjal-basic-vocab-2009"
"それで","それで","ninjal-educational-vocab-1984","review_all_source","source is configured for manual review"
"それでは","それでは","ninjal-educational-vocab-1984","review_all_source","source is configured for manual review"
"それとも","それとも","ninjal-educational-vocab-1984","review_all_source","source is configured for manual review"
"それに","それに","ninjal-educational-vocab-1984","review_all_source","source is configured for manual review"
"揃","そろう","ninjal-educational-vocab-1984","review_all_source","source is configured for manual review"
"揃","そろえる","ninjal-educational-vocab-1984","review_all_source","source is configured for manual review"
"損","そん","ninjal-educational-vocab-1984","duplicate_kana_cross_source","same kana already accepted from ninjal-basic-vocab-2009"
"尊敬","そんけい","ninjal-educational-vocab-1984","duplicate_kana_cross_source","same kana already accepted from ninjal-basic-vocab-2009"
"存在","そんざい","ninjal-educational-vocab-1984","duplicate_kana_cross_source","same kana already accepted from ninjal-basic-vocab-2009"
"そんな","そんな","ninjal-educational-vocab-1984","review_all_source","source is configured for manual review"
"台","だい","ninjal-educational-vocab-1984","duplicate_kana_cross_source","same kana already accepted from ninjal-basic-vocab-2009"
"大学","だいがく","ninjal-educational-vocab-1984","duplicate_kana_cross_source","same kana already accepted from ninjal-basic-vocab-2009"
"大使","たいし","ninjal-educational-vocab-1984","duplicate_kana_cross_source","same kana already accepted from ninjal-basic-vocab-2009"
"大事","だいじ","ninjal-educational-vocab-1984","duplicate_kana_cross_source","same kana already accepted from ninjal-basic-vocab-2009"
"大","たいして","ninjal-educational-vocab-1984","review_all_source","source is configured for manual review"
"大丈夫","だいじょうぶ","ninjal-educational-vocab-1984","review_all_source","source is configured for manual review"
"大臣","だいじん","ninjal-educational-vocab-1984","duplicate_kana_cross_source","same kana already accepted from ninjal-basic-vocab-2009"
"対","たいする","ninjal-educational-vocab-1984","review_all_source","source is configured for manual review"
"大切","たいせつ","ninjal-educational-vocab-1984","review_all_source","source is configured for manual review"
"体操","たいそう","ninjal-educational-vocab-1984","duplicate_kana_cross_source","same kana already accepted from ninjal-basic-vocab-2009"
"大体","だいたい","ninjal-educational-vocab-1984","duplicate_kana_cross_source","same kana already accepted from ninjal-basic-vocab-2009"
"大抵","たいてい","ninjal-educational-vocab-1984","review_all_source","source is configured for manual review"
"態度","たいど","ninjal-educational-vocab-1984","duplicate_kana_cross_source","same kana already accepted from ninjal-basic-vocab-2009"
"台所","たいどころ","ninjal-educational-vocab-1984","review_all_source","source is configured for manual review"
"代表","だいひょう","ninjal-educational-vocab-1984","duplicate_kana_cross_source","same kana already accepted from ninjal-basic-vocab-2009"
"台風","たいふう","ninjal-educational-vocab-1984","duplicate_kana_cross_source","same kana already accepted from ninjal-basic-vocab-2009"
"大変","たいへん","ninjal-educational-vocab-1984","review_all_source","source is configured for manual review"
"太陽","たいよう","ninjal-educational-vocab-1984","duplicate_kana_cross_source","same kana already accepted from ninjal-basic-vocab-2009"
"平","たいら","ninjal-educational-vocab-1984","review_all_source","source is configured for manual review"
"倒","たおす","ninjal-educational-vocab-1984","review_all_source","source is configured for manual review"
"倒","たおれる","ninjal-educational-vocab-1984","review_all_source","source is configured for manual review"
"高","たかい","ninjal-educational-vocab-1984","review_all_source","source is configured for manual review"
"互","たがい","ninjal-educational-vocab-1984","duplicate_kana_cross_source","same kana already accepted from ninjal-basic-vocab-2009"
"だから","だから","ninjal-educational-vocab-1984","review_all_source","source is configured for manual review"
"たく","たく","ninjal-educational-vocab-1984","duplicate_kana_cross_source","same kana already accepted from ninjal-basic-vocab-2009"
"抱","だく","ninjal-educational-vocab-1984","review_all_source","source is configured for manual review"
"たくさん","たくさん","ninjal-educational-vocab-1984","review_all_source","source is configured for manual review"
"タクシー","たくしー","ninjal-educational-vocab-1984","duplicate_kana_cross_source","same kana already accepted from ninjal-basic-vocab-2009"
"確","たしか","ninjal-educational-vocab-1984","review_all_source","source is configured for manual review"
"確","たしかめる","ninjal-educational-vocab-1984","review_all_source","source is configured for manual review"
"足","たす","ninjal-educational-vocab-1984","review_all_source","source is configured for manual review"
"出","だす","ninjal-educational-vocab-1984","review_all_source","source is configured for manual review"
"助","たすける","ninjal-educational-vocab-1984","review_all_source","source is configured for manual review"
"たずねる","たずねる","ninjal-educational-vocab-1984","review_all_source","source is configured for manual review"
"只","ただ","ninjal-educational-vocab-1984","duplicate_kana_cross_source","same kana already accepted from ninjal-basic-vocab-2009"
"只今","ただいま","ninjal-educational-vocab-1984","duplicate_kana_cross_source","same kana already accepted from ninjal-basic-vocab-2009"
"戦","たたかう","ninjal-educational-vocab-1984","review_all_source","source is configured for manual review"
"叩","たたく","ninjal-educational-vocab-1984","review_all_source","source is configured for manual review"
"正","ただしい","ninjal-educational-vocab-1984","review_all_source","source is configured for manual review"
"畳","たたみ","ninjal-educational-vocab-1984","duplicate_kana_cross_source","same kana already accepted from ninjal-basic-vocab-2009"
"畳","たたむ","ninjal-educational-vocab-1984","review_all_source","source is configured for manual review"
"立場","たちば","ninjal-educational-vocab-1984","duplicate_kana_cross_source","same kana already accepted from ninjal-basic-vocab-2009"
"たつ","たつ","ninjal-educational-vocab-1984","duplicate_kana_cross_source","same kana already accepted from ninjal-basic-vocab-2009"
"だって","だって","ninjal-educational-vocab-1984","review_all_source","source is configured for manual review"
"縦","たて","ninjal-educational-vocab-1984","duplicate_kana_cross_source","same kana already accepted from ninjal-basic-vocab-2009"
"建物","たてもの","ninjal-educational-vocab-1984","duplicate_kana_cross_source","same kana already accepted from ninjal-basic-vocab-2009"
"たてる","たてる","ninjal-educational-vocab-1984","review_all_source","source is configured for manual review"
"たとえ","たとえ","ninjal-educational-vocab-1984","duplicate_kana_cross_source","same kana already accepted from ninjal-basic-vocab-2009"
"たとえば","たとえば","ninjal-educational-vocab-1984","review_all_source","source is configured for manual review"
"棚","たな","ninjal-educational-vocab-1984","duplicate_kana_cross_source","same kana already accepted from ninjal-basic-vocab-2009"
"谷","たに","ninjal-educational-vocab-1984","duplicate_kana_cross_source","same kana already accepted from ninjal-basic-vocab-2009"
"他人","たにん","ninjal-educational-vocab-1984","duplicate_kana_cross_source","same kana already accepted from ninjal-basic-vocab-2009"
"種","たね","ninjal-educational-vocab-1984","duplicate_kana_cross_source","same kana already accepted from ninjal-basic-vocab-2009"
"楽","たのしい","ninjal-educational-vocab-1984","review_all_source","source is configured for manual review"
"楽","たのしむ","ninjal-educational-vocab-1984","review_all_source","source is configured for manual review"
"頼","たのむ","ninjal-educational-vocab-1984","review_all_source","source is configured for manual review"
"束","たば","ninjal-educational-vocab-1984","duplicate_kana_cross_source","same kana already accepted from ninjal-basic-vocab-2009"
"タバコ","たばこ","ninjal-educational-vocab-1984","review_all_source","source is configured for manual review"
"度","たび","ninjal-educational-vocab-1984","duplicate_kana_cross_source","same kana already accepted from ninjal-basic-vocab-2009"
"たびたび","たびたび","ninjal-educational-vocab-1984","review_all_source","source is configured for manual review"
"多分","たぶん","ninjal-educational-vocab-1984","duplicate_kana_cross_source","same kana already accepted from ninjal-basic-vocab-2009"
"食物","たべもの","ninjal-educational-vocab-1984","duplicate_kana_cross_source","same kana already accepted from ninjal-basic-vocab-2009"
"食","たべる","ninjal-educational-vocab-1984","review_all_source","source is configured for manual review"
"たま","たま","ninjal-educational-vocab-1984","duplicate_kana_cross_source","same kana already accepted from ninjal-basic-vocab-2009"
"卵","たまご","ninjal-educational-vocab-1984","duplicate_kana_cross_source","same kana already accepted from ninjal-basic-vocab-2009"
"だます","だます","ninjal-educational-vocab-1984","review_all_source","source is configured for manual review"
"溜","たまる","ninjal-educational-vocab-1984","review_all_source","source is configured for manual review"
"黙","だまる","ninjal-educational-vocab-1984","review_all_source","source is configured for manual review"
"為","ため","ninjal-educational-vocab-1984","duplicate_kana_cross_source","same kana already accepted from ninjal-basic-vocab-2009"
"駄目","だめ","ninjal-educational-vocab-1984","duplicate_kana_cross_source","same kana already accepted from ninjal-basic-vocab-2009"
"試","ためす","ninjal-educational-vocab-1984","review_all_source","source is configured for manual review"
"ためる","ためる","ninjal-educational-vocab-1984","review_all_source","source is configured for manual review"
"頼","たよる","ninjal-educational-vocab-1984","review_all_source","source is configured for manual review"
"足","たりる","ninjal-educational-vocab-1984","review_all_source","source is configured for manual review"
"誰","だれ","ninjal-educational-vocab-1984","review_all_source","source is configured for manual review"
"誰","だれか","ninjal-educational-vocab-1984","review_all_source","source is configured for manual review"
"段階","だんかい","ninjal-educational-vocab-1984","duplicate_kana_cross_source","same kana already accepted from ninjal-basic-vocab-2009"
"単語","たんご","ninjal-educational-vocab-1984","duplicate_kana_cross_source","same kana already accepted from ninjal-basic-vocab-2009"
"誕生","たんじょう","ninjal-educational-vocab-1984","duplicate_kana_cross_source","same kana already accepted from ninjal-basic-vocab-2009"
"誕生日","たんじょうび","ninjal-educational-vocab-1984","duplicate_kana_cross_source","same kana already accepted from ninjal-basic-vocab-2009"
"たんす","たんす","ninjal-educational-vocab-1984","duplicate_kana_cross_source","same kana already accepted from ninjal-basic-vocab-2009"
"男性","だんせい","ninjal-educational-vocab-1984","duplicate_kana_cross_source","same kana already accepted from ninjal-basic-vocab-2009"
"団体","だんたい","ninjal-educational-vocab-1984","duplicate_kana_cross_source","same kana already accepted from ninjal-basic-vocab-2009"
"だんだん","だんだん","ninjal-educational-vocab-1984","duplicate_kana_cross_source","same kana already accepted from ninjal-basic-vocab-2009"
"小","ちいさいな","ninjal-educational-vocab-1984","review_all_source","source is configured for manual review"
"チーム","ちーむ","ninjal-educational-vocab-1984","duplicate_kana_cross_source","same kana already accepted from ninjal-basic-vocab-2009"
"近","ちかい","ninjal-educational-vocab-1984","review_all_source","source is configured for manual review"
"違","ちがい","ninjal-educational-vocab-1984","duplicate_kana_cross_source","same kana already accepted from ninjal-basic-vocab-2009"
"違","ちがう","ninjal-educational-vocab-1984","review_all_source","source is configured for manual review"
"近","ちかく","ninjal-educational-vocab-1984","duplicate_kana_cross_source","same kana already accepted from ninjal-basic-vocab-2009"
"近付","ちかづく","ninjal-educational-vocab-1984","review_all_source","source is configured for manual review"
"地下鉄","ちかてつ","ninjal-educational-vocab-1984","duplicate_kana_cross_source","same kana already accepted from ninjal-basic-vocab-2009"
"近寄","ちかよる","ninjal-educational-vocab-1984","review_all_source","source is configured for manual review"
"力","ちから","ninjal-educational-vocab-1984","duplicate_kana_cross_source","same kana already accepted from ninjal-basic-vocab-2009"
"地球","ちきゅう","ninjal-educational-vocab-1984","duplicate_kana_cross_source","same kana already accepted from ninjal-basic-vocab-2009"
"知識","ちしき","ninjal-educational-vocab-1984","duplicate_kana_cross_source","same kana already accepted from ninjal-basic-vocab-2009"
"地図","ちず","ninjal-educational-vocab-1984","duplicate_kana_cross_source","same kana already accepted from ninjal-basic-vocab-2009"
"父","ちち","ninjal-educational-vocab-1984","duplicate_kana_cross_source","same kana already accepted from ninjal-basic-vocab-2009"
"ちっとも","ちっとも","ninjal-educational-vocab-1984","review_all_source","source is configured for manual review"
"地方","ちほう","ninjal-educational-vocab-1984","duplicate_kana_cross_source","same kana already accepted from ninjal-basic-vocab-2009"
"茶色","ちゃいろ","ninjal-educational-vocab-1984","duplicate_kana_cross_source","same kana already accepted from ninjal-basic-vocab-2009"
"茶碗","ちゃわん","ninjal-educational-vocab-1984","duplicate_kana_cross_source","same kana already accepted from ninjal-basic-vocab-2009"
"ちゃんと","ちゃんと","ninjal-educational-vocab-1984","review_all_source","source is configured for manual review"
"中","ちゅう","ninjal-educational-vocab-1984","duplicate_kana_cross_source","same kana already accepted from ninjal-basic-vocab-2009"
"注意","ちゅうい","ninjal-educational-vocab-1984","duplicate_kana_cross_source","same kana already accepted from ninjal-basic-vocab-2009"
"中央","ちゅうおう","ninjal-educational-vocab-1984","duplicate_kana_cross_source","same kana already accepted from ninjal-basic-vocab-2009"
"中学校","ちゅうがっこう","ninjal-educational-vocab-1984","duplicate_kana_cross_source","same kana already accepted from ninjal-basic-vocab-2009"
"中国","ちゅうごく","ninjal-educational-vocab-1984","duplicate_kana_cross_source","same kana already accepted from ninjal-basic-vocab-2009"
"中止","ちゅうし","ninjal-educational-vocab-1984","duplicate_kana_cross_source","same kana already accepted from ninjal-basic-vocab-2009"
"注射","ちゅうしゃ","ninjal-educational-vocab-1984","duplicate_kana_cross_source","same kana already accepted from ninjal-basic-vocab-2009"
"中心","ちゅうしん","ninjal-educational-vocab-1984","duplicate_kana_cross_source","same kana already accepted from ninjal-basic-vocab-2009"
"注文","ちゅうもん","ninjal-educational-vocab-1984","duplicate_kana_cross_source","same kana already accepted from ninjal-basic-vocab-2009"
"長","ちょう","ninjal-educational-vocab-1984","duplicate_kana_cross_source","same kana already accepted from ninjal-basic-vocab-2009"
"調査","ちょうさ","ninjal-educational-vocab-1984","duplicate_kana_cross_source","same kana already accepted from ninjal-basic-vocab-2009"
"調子","ちょうし","ninjal-educational-vocab-1984","duplicate_kana_cross_source","same kana already accepted from ninjal-basic-vocab-2009"
"長所","ちょうしょ","ninjal-educational-vocab-1984","duplicate_kana_cross_source","same kana already accepted from ninjal-basic-vocab-2009"
"ちょうど","ちょうど","ninjal-educational-vocab-1984","review_all_source","source is configured for manual review"
"貯金","ちょきん","ninjal-educational-vocab-1984","duplicate_kana_cross_source","same kana already accepted from ninjal-basic-vocab-2009"
"直接","ちょくせつ","ninjal-educational-vocab-1984","duplicate_kana_cross_source","same kana already accepted from ninjal-basic-vocab-2009"
"ちょっと","ちょっと","ninjal-educational-vocab-1984","review_all_source","source is configured for manual review"
"地理","ちり","ninjal-educational-vocab-1984","duplicate_kana_cross_source","same kana already accepted from ninjal-basic-vocab-2009"
"散","ちる","ninjal-educational-vocab-1984","review_all_source","source is configured for manual review"
"一日","ついたち","ninjal-educational-vocab-1984","review_all_source","source is configured for manual review"
"序","ついで","ninjal-educational-vocab-1984","duplicate_kana_cross_source","same kana already accepted from ninjal-basic-vocab-2009"
"遂","ついに","ninjal-educational-vocab-1984","review_all_source","source is configured for manual review"
"通過","つうか","ninjal-educational-vocab-1984","duplicate_kana_cross_source","same kana already accepted from ninjal-basic-vocab-2009"
"通学","つうがく","ninjal-educational-vocab-1984","duplicate_kana_cross_source","same kana already accepted from ninjal-basic-vocab-2009"
"使","つかい","ninjal-educational-vocab-1984","duplicate_kana_cross_source","same kana already accepted from ninjal-basic-vocab-2009"
"使","つかう","ninjal-educational-vocab-1984","review_all_source","source is configured for manual review"
"捕","つかまえる","ninjal-educational-vocab-1984","review_all_source","source is configured for manual review"
"掴","つかむ","ninjal-educational-vocab-1984","review_all_source","source is configured for manual review"
"疲","つかれる","ninjal-educational-vocab-1984","review_all_source","source is configured for manual review"
"月","つき","ninjal-educational-vocab-1984","duplicate_kana_cross_source","same kana already accepted from ninjal-basic-vocab-2009"
"次","つぎ","ninjal-educational-vocab-1984","duplicate_kana_cross_source","same kana already accepted from ninjal-basic-vocab-2009"
"つく","つく","ninjal-educational-vocab-1984","review_all_source","source is configured for manual review"
"机","つくえ","ninjal-educational-vocab-1984","duplicate_kana_cross_source","same kana already accepted from ninjal-basic-vocab-2009"
"作","つくる","ninjal-educational-vocab-1984","review_all_source","source is configured for manual review"
"漬物","つけもの","ninjal-educational-vocab-1984","duplicate_kana_cross_source","same kana already accepted from ninjal-basic-vocab-2009"
"つける","つける","ninjal-educational-vocab-1984","review_all_source","source is configured for manual review"
"都合","つごう","ninjal-educational-vocab-1984","duplicate_kana_cross_source","same kana already accepted from ninjal-basic-vocab-2009"
"伝","つたえる","ninjal-educational-vocab-1984","review_all_source","source is configured for manual review"
"土","つち","ninjal-educational-vocab-1984","duplicate_kana_cross_source","same kana already accepted from ninjal-basic-vocab-2009"
"続","つづく","ninjal-educational-vocab-1984","review_all_source","source is configured for manual review"
"続","つづける","ninjal-educational-vocab-1984","review_all_source","source is configured for manual review"
"包","つつむ","ninjal-educational-vocab-1984","review_all_source","source is configured for manual review"
"つとめる","つとめる","ninjal-educational-vocab-1984","review_all_source","source is configured for manual review"
"繋","つなぐ","ninjal-educational-vocab-1984","review_all_source","source is configured for manual review"
"常","つねに","ninjal-educational-vocab-1984","review_all_source","source is configured for manual review"
"粒","つぶ","ninjal-educational-vocab-1984","duplicate_kana_cross_source","same kana already accepted from ninjal-basic-vocab-2009"
"潰","つぶれる","ninjal-educational-vocab-1984","review_all_source","source is configured for manual review"
"妻","つま","ninjal-educational-vocab-1984","duplicate_kana_cross_source","same kana already accepted from ninjal-basic-vocab-2009"
"つまらない","つまらない","ninjal-educational-vocab-1984","review_all_source","source is configured for manual review"
"つまり","つまり","ninjal-educational-vocab-1984","duplicate_kana_cross_source","same kana already accepted from ninjal-basic-vocab-2009"
"罪","つみ","ninjal-educational-vocab-1984","duplicate_kana_cross_source","same kana already accepted from ninjal-basic-vocab-2009"
"積","つむ","ninjal-educational-vocab-1984","review_all_source","source is configured for manual review"
"爪","つめ","ninjal-educational-vocab-1984","duplicate_kana_cross_source","same kana already accepted from ninjal-basic-vocab-2009"
"冷","つめたい","ninjal-educational-vocab-1984","review_all_source","source is configured for manual review"
"詰","つめる","ninjal-educational-vocab-1984","review_all_source","source is configured for manual review"
"つもり","つもり","ninjal-educational-vocab-1984","duplicate_kana_cross_source","same kana already accepted from ninjal-basic-vocab-2009"
"梅雨","つゆ","ninjal-educational-vocab-1984","duplicate_kana_cross_source","same kana already accepted from ninjal-basic-vocab-2009"
"強","つよい","ninjal-educational-vocab-1984","review_all_source","source is configured for manual review"
"連","つれる","ninjal-educational-vocab-1984","review_all_source","source is configured for manual review"
"訂正","ていせい","ninjal-educational-vocab-1984","duplicate_kana_cross_source","same kana already accepted from ninjal-basic-vocab-2009"
"程度","ていど","ninjal-educational-vocab-1984","duplicate_kana_cross_source","same kana already accepted from ninjal-basic-vocab-2009"
"丁寧","ていねい","ninjal-educational-vocab-1984","duplicate_kana_cross_source","same kana already accepted from ninjal-basic-vocab-2009"
"テーブル","てーぶる","ninjal-educational-vocab-1984","duplicate_kana_cross_source","same kana already accepted from ninjal-basic-vocab-2009"
"出掛","でかける","ninjal-educational-vocab-1984","review_all_source","source is configured for manual review"
"手紙","てがみ","ninjal-educational-vocab-1984","duplicate_kana_cross_source","same kana already accepted from ninjal-basic-vocab-2009"
"敵","てき","ninjal-educational-vocab-1984","duplicate_kana_cross_source","same kana already accepted from ninjal-basic-vocab-2009"
"適当","てきとう","ninjal-educational-vocab-1984","review_all_source","source is configured for manual review"
"適用","てきよう","ninjal-educational-vocab-1984","duplicate_kana_cross_source","same kana already accepted from ninjal-basic-vocab-2009"
"出来","できる","ninjal-educational-vocab-1984","review_all_source","source is configured for manual review"
"出口","でぐち","ninjal-educational-vocab-1984","duplicate_kana_cross_source","same kana already accepted from ninjal-basic-vocab-2009"
"ですから","ですから","ninjal-educational-vocab-1984","review_all_source","source is configured for manual review"
"鉄","てつ","ninjal-educational-vocab-1984","duplicate_kana_cross_source","same kana already accepted from ninjal-basic-vocab-2009"
"手伝","てつだう","ninjal-educational-vocab-1984","review_all_source","source is configured for manual review"
"鉄道","てつどう","ninjal-educational-vocab-1984","duplicate_kana_cross_source","same kana already accepted from ninjal-basic-vocab-2009"
"テニス","てにす","ninjal-educational-vocab-1984","duplicate_kana_cross_source","same kana already accepted from ninjal-basic-vocab-2009"
"では","では","ninjal-educational-vocab-1984","review_all_source","source is configured for manual review"
"デパート","でぱーと","ninjal-educational-vocab-1984","duplicate_kana_cross_source","same kana already accepted from ninjal-basic-vocab-2009"
"手袋","てぶくろ","ninjal-educational-vocab-1984","duplicate_kana_cross_source","same kana already accepted from ninjal-basic-vocab-2009"
"でも","でも","ninjal-educational-vocab-1984","review_all_source","source is configured for manual review"
"寺","てら","ninjal-educational-vocab-1984","duplicate_kana_cross_source","same kana already accepted from ninjal-basic-vocab-2009"
"照","てらす","ninjal-educational-vocab-1984","duplicate_kana_cross_source","same kana already accepted from ninjal-basic-vocab-2009"
"照","てる","ninjal-educational-vocab-1984","review_all_source","source is configured for manual review"
"出","でる","ninjal-educational-vocab-1984","review_all_source","source is configured for manual review"
"テレビ","てれび","ninjal-educational-vocab-1984","duplicate_kana_cross_source","same kana already accepted from ninjal-basic-vocab-2009"
"点","てん","ninjal-educational-vocab-1984","duplicate_kana_cross_source","same kana already accepted from ninjal-basic-vocab-2009"
"天気","てんき","ninjal-educational-vocab-1984","duplicate_kana_cross_source","same kana already accepted from ninjal-basic-vocab-2009"
"電気","でんき","ninjal-educational-vocab-1984","duplicate_kana_cross_source","same kana already accepted from ninjal-basic-vocab-2009"
"電車","でんしゃ","ninjal-educational-vocab-1984","duplicate_kana_cross_source","same kana already accepted from ninjal-basic-vocab-2009"
"天井","てんじょう","ninjal-educational-vocab-1984","duplicate_kana_cross_source","same kana already accepted from ninjal-basic-vocab-2009"
"電燈","でんとう","ninjal-educational-vocab-1984","duplicate_kana_cross_source","same kana already accepted from ninjal-basic-vocab-2009"
"天皇","てんのう","ninjal-educational-vocab-1984","duplicate_kana_cross_source","same kana already accepted from ninjal-basic-vocab-2009"
"電報","でんぽう","ninjal-educational-vocab-1984","duplicate_kana_cross_source","same kana already accepted from ninjal-basic-vocab-2009"
"電話","でんわ","ninjal-educational-vocab-1984","duplicate_kana_cross_source","same kana already accepted from ninjal-basic-vocab-2009"
"ドア","どあ","ninjal-educational-vocab-1984","duplicate_kana_cross_source","same kana already accepted from ninjal-basic-vocab-2009"
"問","とい","ninjal-educational-vocab-1984","duplicate_kana_cross_source","same kana already accepted from ninjal-basic-vocab-2009"
"党","とう","ninjal-educational-vocab-1984","duplicate_kana_cross_source","same kana already accepted from ninjal-basic-vocab-2009"
"如何","どう","ninjal-educational-vocab-1984","duplicate_kana_cross_source","same kana already accepted from ninjal-basic-vocab-2009"
"どうか","どうか","ninjal-educational-vocab-1984","duplicate_kana_cross_source","same kana already accepted from ninjal-basic-vocab-2009"
"道具","どうぐ","ninjal-educational-vocab-1984","duplicate_kana_cross_source","same kana already accepted from ninjal-basic-vocab-2009"
"同時","どうじ","ninjal-educational-vocab-1984","duplicate_kana_cross_source","same kana already accepted from ninjal-basic-vocab-2009"
"どうして","どうして","ninjal-educational-vocab-1984","review_all_source","source is configured for manual review"
"どうしても","どうしても","ninjal-educational-vocab-1984","review_all_source","source is configured for manual review"
"同情","どうじょう","ninjal-educational-vocab-1984","duplicate_kana_cross_source","same kana already accepted from ninjal-basic-vocab-2009"
"当然","とうぜん","ninjal-educational-vocab-1984","review_all_source","source is configured for manual review"
"どうぞ","どうぞ","ninjal-educational-vocab-1984","review_all_source","source is configured for manual review"
"到着","とうちゃく","ninjal-educational-vocab-1984","duplicate_kana_cross_source","same kana already accepted from ninjal-basic-vocab-2009"
"到頭","とうとう","ninjal-educational-vocab-1984","review_all_source","source is configured for manual review"
"動物","どうぶつ","ninjal-educational-vocab-1984","duplicate_kana_cross_source","same kana already accepted from ninjal-basic-vocab-2009"
"どうも","どうも","ninjal-educational-vocab-1984","review_all_source","source is configured for manual review"
"東洋","とうよう","ninjal-educational-vocab-1984","duplicate_kana_cross_source","same kana already accepted from ninjal-basic-vocab-2009"
"道路","どうろ","ninjal-educational-vocab-1984","duplicate_kana_cross_source","same kana already accepted from ninjal-basic-vocab-2009"
"十","とお","ninjal-educational-vocab-1984","duplicate_kana_cross_source","same kana already accepted from ninjal-basic-vocab-2009"
"遠","とおい","ninjal-educational-vocab-1984","review_all_source","source is configured for manual review"
"十日","とおか","ninjal-educational-vocab-1984","duplicate_kana_cross_source","same kana already accepted from ninjal-basic-vocab-2009"
"遠","とおく","ninjal-educational-vocab-1984","duplicate_kana_cross_source","same kana already accepted from ninjal-basic-vocab-2009"
"通","とおす","ninjal-educational-vocab-1984","review_all_source","source is configured for manual review"
"通","とおり","ninjal-educational-vocab-1984","duplicate_kana_cross_source","same kana already accepted from ninjal-basic-vocab-2009"
"通","とおる","ninjal-educational-vocab-1984","review_all_source","source is configured for manual review"
"都会","とかい","ninjal-educational-vocab-1984","duplicate_kana_cross_source","same kana already accepted from ninjal-basic-vocab-2009"
"時","とき","ninjal-educational-vocab-1984","duplicate_kana_cross_source","same kana already accepted from ninjal-basic-vocab-2009"
"時々","ときとぎ","ninjal-educational-vocab-1984","review_all_source","source is configured for manual review"
"解","とく","ninjal-educational-vocab-1984","duplicate_kana_cross_source","same kana already accepted from ninjal-basic-vocab-2009"
"読書","どくしょ","ninjal-educational-vocab-1984","duplicate_kana_cross_source","same kana already accepted from ninjal-basic-vocab-2009"
"特徴","とくちょう","ninjal-educational-vocab-1984","duplicate_kana_cross_source","same kana already accepted from ninjal-basic-vocab-2009"
"独特","どくとく","ninjal-educational-vocab-1984","review_all_source","source is configured for manual review"
"特","とくに","ninjal-educational-vocab-1984","review_all_source","source is configured for manual review"
"特別","とくべつ","ninjal-educational-vocab-1984","review_all_source","source is configured for manual review"
"独立","どくりつ","ninjal-educational-vocab-1984","duplicate_kana_cross_source","same kana already accepted from ninjal-basic-vocab-2009"
"時計","とけい","ninjal-educational-vocab-1984","review_all_source","source is configured for manual review"
"とける","とける","ninjal-educational-vocab-1984","review_all_source","source is configured for manual review"
"何処","どこ","ninjal-educational-vocab-1984","review_all_source","source is configured for manual review"
"どこか","どこか","ninjal-educational-vocab-1984","review_all_source","source is configured for manual review"
"所","ところ","ninjal-educational-vocab-1984","duplicate_kana_cross_source","same kana already accepted from ninjal-basic-vocab-2009"
"ところが","ところが","ninjal-educational-vocab-1984","review_all_source","source is configured for manual review"
"ところで","ところで","ninjal-educational-vocab-1984","review_all_source","source is configured for manual review"
"年","とし","ninjal-educational-vocab-1984","duplicate_kana_cross_source","same kana already accepted from ninjal-basic-vocab-2009"
"図書館","としょかん","ninjal-educational-vocab-1984","duplicate_kana_cross_source","same kana already accepted from ninjal-basic-vocab-2009"
"年寄","としより","ninjal-educational-vocab-1984","duplicate_kana_cross_source","same kana already accepted from ninjal-basic-vocab-2009"
"閉","とじる","ninjal-educational-vocab-1984","review_all_source","source is configured for manual review"
"戸棚","とだな","ninjal-educational-vocab-1984","duplicate_kana_cross_source","same kana already accepted from ninjal-basic-vocab-2009"
"土地","とち","ninjal-educational-vocab-1984","duplicate_kana_cross_source","same kana already accepted from ninjal-basic-vocab-2009"
"途中","とちゅう","ninjal-educational-vocab-1984","duplicate_kana_cross_source","same kana already accepted from ninjal-basic-vocab-2009"
"突然","とつぜん","ninjal-educational-vocab-1984","review_all_source","source is configured for manual review"
"とても","とても","ninjal-educational-vocab-1984","review_all_source","source is configured for manual review"
"届","とどく","ninjal-educational-vocab-1984","review_all_source","source is configured for manual review"
"届","とどける","ninjal-educational-vocab-1984","review_all_source","source is configured for manual review"
"どなた","どなた","ninjal-educational-vocab-1984","review_all_source","source is configured for manual review"
"隣","となり","ninjal-educational-vocab-1984","duplicate_kana_cross_source","same kana already accepted from ninjal-basic-vocab-2009"
"とにかく","とにかく","ninjal-educational-vocab-1984","review_all_source","source is configured for manual review"
"どの","どの","ninjal-educational-vocab-1984","review_all_source","source is configured for manual review"
"飛","とぶ","ninjal-educational-vocab-1984","review_all_source","source is configured for manual review"
"トマト","とまと","ninjal-educational-vocab-1984","duplicate_kana_cross_source","same kana already accepted from ninjal-basic-vocab-2009"
"とまる","とまる","ninjal-educational-vocab-1984","review_all_source","source is configured for manual review"
"とめる","とめる","ninjal-educational-vocab-1984","review_all_source","source is configured for manual review"
"友達","ともだち","ninjal-educational-vocab-1984","review_all_source","source is configured for manual review"
"鳥","とり","ninjal-educational-vocab-1984","duplicate_kana_cross_source","same kana already accepted from ninjal-basic-vocab-2009"
"取換","とりかえる","ninjal-educational-vocab-1984","review_all_source","source is configured for manual review"
"努力","どりょく","ninjal-educational-vocab-1984","duplicate_kana_cross_source","same kana already accepted from ninjal-basic-vocab-2009"
"とる","とる","ninjal-educational-vocab-1984","review_all_source","source is configured for manual review"
"どれ","どれ","ninjal-educational-vocab-1984","review_all_source","source is configured for manual review"
"泥棒","どろぼう","ninjal-educational-vocab-1984","duplicate_kana_cross_source","same kana already accepted from ninjal-basic-vocab-2009"
"どんどん","どんどん","ninjal-educational-vocab-1984","review_all_source","source is configured for manual review"
"どんな","どんな","ninjal-educational-vocab-1984","review_all_source","source is configured for manual review"
"無","ない","ninjal-educational-vocab-1984","duplicate_kana_cross_source","same kana already accepted from ninjal-basic-vocab-2009"
"ナイフ","ないふ","ninjal-educational-vocab-1984","duplicate_kana_cross_source","same kana already accepted from ninjal-basic-vocab-2009"
"内容","ないよう","ninjal-educational-vocab-1984","duplicate_kana_cross_source","same kana already accepted from ninjal-basic-vocab-2009"
"なお","なお","ninjal-educational-vocab-1984","review_all_source","source is configured for manual review"
"なおす","なおす","ninjal-educational-vocab-1984","review_all_source","source is configured for manual review"
"なおる","なおる","ninjal-educational-vocab-1984","review_all_source","source is configured for manual review"
"中","なか","ninjal-educational-vocab-1984","duplicate_kana_cross_source","same kana already accepted from ninjal-basic-vocab-2009"
"長","ながい","ninjal-educational-vocab-1984","review_all_source","source is configured for manual review"
"長","ながさ","ninjal-educational-vocab-1984","duplicate_kana_cross_source","same kana already accepted from ninjal-basic-vocab-2009"
"流","ながす","ninjal-educational-vocab-1984","review_all_source","source is configured for manual review"
"なかなか","なかなか","ninjal-educational-vocab-1984","review_all_source","source is configured for manual review"
"仲間","なかま","ninjal-educational-vocab-1984","duplicate_kana_cross_source","same kana already accepted from ninjal-basic-vocab-2009"
"眺","ながめる","ninjal-educational-vocab-1984","review_all_source","source is configured for manual review"
"流","ながれる","ninjal-educational-vocab-1984","review_all_source","source is configured for manual review"
"なく","なく","ninjal-educational-vocab-1984","review_all_source","source is configured for manual review"
"無","なくす","ninjal-educational-vocab-1984","review_all_source","source is configured for manual review"
"無","なくなる","ninjal-educational-vocab-1984","review_all_source","source is configured for manual review"
"投","なげる","ninjal-educational-vocab-1984","review_all_source","source is configured for manual review"
"なさる","なさる","ninjal-educational-vocab-1984","review_all_source","source is configured for manual review"
"なぜ","なぜ","ninjal-educational-vocab-1984","review_all_source","source is configured for manual review"
"夏","なつ","ninjal-educational-vocab-1984","duplicate_kana_cross_source","same kana already accepted from ninjal-basic-vocab-2009"
"懐","なつかしい","ninjal-educational-vocab-1984","review_all_source","source is configured for manual review"
"七","なな","ninjal-educational-vocab-1984","duplicate_kana_cross_source","same kana already accepted from ninjal-basic-vocab-2009"
"七","ななつ","ninjal-educational-vocab-1984","duplicate_kana_cross_source","same kana already accepted from ninjal-basic-vocab-2009"
"斜","ななめ","ninjal-educational-vocab-1984","duplicate_kana_cross_source","same kana already accepted from ninjal-basic-vocab-2009"
"何","なにか","ninjal-educational-vocab-1984","review_all_source","source is configured for manual review"
"鍋","なべ","ninjal-educational-vocab-1984","duplicate_kana_cross_source","same kana already accepted from ninjal-basic-vocab-2009"
"生","なま","ninjal-educational-vocab-1984","duplicate_kana_cross_source","same kana already accepted from ninjal-basic-vocab-2009"
"名前","なまえ","ninjal-educational-vocab-1984","duplicate_kana_cross_source","same kana already accepted from ninjal-basic-vocab-2009"
"波","なみ","ninjal-educational-vocab-1984","duplicate_kana_cross_source","same kana already accepted from ninjal-basic-vocab-2009"
"涙","なみだ","ninjal-educational-vocab-1984","duplicate_kana_cross_source","same kana already accepted from ninjal-basic-vocab-2009"
"滑","なめらか","ninjal-educational-vocab-1984","review_all_source","source is configured for manual review"
"悩","なやむ","ninjal-educational-vocab-1984","review_all_source","source is configured for manual review"
"ならう","ならう","ninjal-educational-vocab-1984","review_all_source","source is configured for manual review"
"並","ならぶ","ninjal-educational-vocab-1984","review_all_source","source is configured for manual review"
"並","ならべる","ninjal-educational-vocab-1984","review_all_source","source is configured for manual review"
"なる","なる","ninjal-educational-vocab-1984","review_all_source","source is configured for manual review"
"なるべく","なるべく","ninjal-educational-vocab-1984","review_all_source","source is configured for manual review"
"成程","なるほど","ninjal-educational-vocab-1984","review_all_source","source is configured for manual review"
"慣","なれる","ninjal-educational-vocab-1984","review_all_source","source is configured for manual review"
"なんて","なんて","ninjal-educational-vocab-1984","review_all_source","source is configured for manual review"
"兄","にいさん","ninjal-educational-vocab-1984","review_all_source","source is configured for manual review"
"匂","におい","ninjal-educational-vocab-1984","duplicate_kana_cross_source","same kana already accepted from ninjal-basic-vocab-2009"
"匂","におう","ninjal-educational-vocab-1984","review_all_source","source is configured for manual review"
"苦","にがい","ninjal-educational-vocab-1984","review_all_source","source is configured for manual review"
"賑","にぎやか","ninjal-educational-vocab-1984","review_all_source","source is configured for manual review"
"握","にぎる","ninjal-educational-vocab-1984","review_all_source","source is configured for manual review"
"肉","にく","ninjal-educational-vocab-1984","duplicate_kana_cross_source","same kana already accepted from ninjal-basic-vocab-2009"
"にくい","にくい","ninjal-educational-vocab-1984","review_all_source","source is configured for manual review"
"憎","にくむ","ninjal-educational-vocab-1984","review_all_source","source is configured for manual review"
"逃","にげる","ninjal-educational-vocab-1984","review_all_source","source is configured for manual review"
"にこにこ","にこにこ","ninjal-educational-vocab-1984","review_all_source","source is configured for manual review"
"西","にし","ninjal-educational-vocab-1984","duplicate_kana_cross_source","same kana already accepted from ninjal-basic-vocab-2009"
"日記","にっき","ninjal-educational-vocab-1984","duplicate_kana_cross_source","same kana already accepted from ninjal-basic-vocab-2009"
"日光","にっこう","ninjal-educational-vocab-1984","duplicate_kana_cross_source","same kana already accepted from ninjal-basic-vocab-2009"
"日本語","にほんご","ninjal-educational-vocab-1984","duplicate_kana_cross_source","same kana already accepted from ninjal-basic-vocab-2009"
"日本人","にほんじん","ninjal-educational-vocab-1984","duplicate_kana_cross_source","same kana already accepted from ninjal-basic-vocab-2009"
"荷物","にもつ","ninjal-educational-vocab-1984","duplicate_kana_cross_source","same kana already accepted from ninjal-basic-vocab-2009"
"入学","にゅうがく","ninjal-educational-vocab-1984","duplicate_kana_cross_source","same kana already accepted from ninjal-basic-vocab-2009"
"ニュース","にゅーす","ninjal-educational-vocab-1984","duplicate_kana_cross_source","same kana already accepted from ninjal-basic-vocab-2009"
"似","にる","ninjal-educational-vocab-1984","review_all_source","source is configured for manual review"
"庭","にわ","ninjal-educational-vocab-1984","duplicate_kana_cross_source","same kana already accepted from ninjal-basic-vocab-2009"
"鶏","にわとり","ninjal-educational-vocab-1984","duplicate_kana_cross_source","same kana already accepted from ninjal-basic-vocab-2009"
"人気","にんき","ninjal-educational-vocab-1984","duplicate_kana_cross_source","same kana already accepted from ninjal-basic-vocab-2009"
"人形","にんぎょう","ninjal-educational-vocab-1984","duplicate_kana_cross_source","same kana already accepted from ninjal-basic-vocab-2009"
"人間","にんげん","ninjal-educational-vocab-1984","duplicate_kana_cross_source","same kana already accepted from ninjal-basic-vocab-2009"
"縫","ぬう","ninjal-educational-vocab-1984","review_all_source","source is configured for manual review"
"抜","ぬく","ninjal-educational-vocab-1984","review_all_source","source is configured for manual review"
"脱","ぬぐ","ninjal-educational-vocab-1984","review_all_source","source is configured for manual review"
"盗","ぬすむ","ninjal-educational-vocab-1984","review_all_source","source is configured for manual review"
"塗","ぬる","ninjal-educational-vocab-1984","review_all_source","source is configured for manual review"
"ぬるい","ぬるい","ninjal-educational-vocab-1984","review_all_source","source is configured for manual review"
"濡","ぬれる","ninjal-educational-vocab-1984","review_all_source","source is configured for manual review"
"姉","ねえさん","ninjal-educational-vocab-1984","review_all_source","source is configured for manual review"
"願","ねがい","ninjal-educational-vocab-1984","duplicate_kana_cross_source","same kana already accepted from ninjal-basic-vocab-2009"
"願","ねがう","ninjal-educational-vocab-1984","review_all_source","source is configured for manual review"
"ネクタイ","ねくたい","ninjal-educational-vocab-1984","duplicate_kana_cross_source","same kana already accepted from ninjal-basic-vocab-2009"
"猫","ねこ","ninjal-educational-vocab-1984","duplicate_kana_cross_source","same kana already accepted from ninjal-basic-vocab-2009"
"値段","ねだん","ninjal-educational-vocab-1984","duplicate_kana_cross_source","same kana already accepted from ninjal-basic-vocab-2009"
"熱","ねつ","ninjal-educational-vocab-1984","duplicate_kana_cross_source","same kana already accepted from ninjal-basic-vocab-2009"
"熱心","ねっしん","ninjal-educational-vocab-1984","duplicate_kana_cross_source","same kana already accepted from ninjal-basic-vocab-2009"
"眠","ねむい","ninjal-educational-vocab-1984","review_all_source","source is configured for manual review"
"眠","ねむる","ninjal-educational-vocab-1984","review_all_source","source is configured for manual review"
"寝","ねる","ninjal-educational-vocab-1984","review_all_source","source is configured for manual review"
"燃料","ねんりょう","ninjal-educational-vocab-1984","duplicate_kana_cross_source","same kana already accepted from ninjal-basic-vocab-2009"
"農業","のうぎょう","ninjal-educational-vocab-1984","duplicate_kana_cross_source","same kana already accepted from ninjal-basic-vocab-2009"
"能力","のうりょく","ninjal-educational-vocab-1984","duplicate_kana_cross_source","same kana already accepted from ninjal-basic-vocab-2009"
"ノート","のーと","ninjal-educational-vocab-1984","duplicate_kana_cross_source","same kana already accepted from ninjal-basic-vocab-2009"
"残","のこす","ninjal-educational-vocab-1984","review_all_source","source is configured for manual review"
"残","のこる","ninjal-educational-vocab-1984","review_all_source","source is configured for manual review"
"乗","のせる","ninjal-educational-vocab-1984","review_all_source","source is configured for manual review"
"望","のぞむ","ninjal-educational-vocab-1984","review_all_source","source is configured for manual review"
"後","のち","ninjal-educational-vocab-1984","duplicate_kana_cross_source","same kana already accepted from ninjal-basic-vocab-2009"
"喉","のど","ninjal-educational-vocab-1984","duplicate_kana_cross_source","same kana already accepted from ninjal-basic-vocab-2009"
"のばす","のばす","ninjal-educational-vocab-1984","review_all_source","source is configured for manual review"
"のびる","のびる","ninjal-educational-vocab-1984","review_all_source","source is configured for manual review"
"述","のべる","ninjal-educational-vocab-1984","review_all_source","source is configured for manual review"
"上","のぼり","ninjal-educational-vocab-1984","duplicate_kana_cross_source","same kana already accepted from ninjal-basic-vocab-2009"
"のぼる","のぼる","ninjal-educational-vocab-1984","review_all_source","source is configured for manual review"
"飲物","のみもの","ninjal-educational-vocab-1984","duplicate_kana_cross_source","same kana already accepted from ninjal-basic-vocab-2009"
"飲","のむ","ninjal-educational-vocab-1984","review_all_source","source is configured for manual review"
"糊","のり","ninjal-educational-vocab-1984","duplicate_kana_cross_source","same kana already accepted from ninjal-basic-vocab-2009"
"乗換","のりかえる","ninjal-educational-vocab-1984","review_all_source","source is configured for manual review"
"乗物","のりもの","ninjal-educational-vocab-1984","duplicate_kana_cross_source","same kana already accepted from ninjal-basic-vocab-2009"
"乗","のる","ninjal-educational-vocab-1984","review_all_source","source is configured for manual review"
"場合","ばあい","ninjal-educational-vocab-1984","duplicate_kana_cross_source","same kana already accepted from ninjal-basic-vocab-2009"
"灰","はい","ninjal-educational-vocab-1984","duplicate_kana_cross_source","same kana already accepted from ninjal-basic-vocab-2009"
"倍","ばい","ninjal-educational-vocab-1984","duplicate_kana_cross_source","same kana already accepted from ninjal-basic-vocab-2009"
"入","はいる","ninjal-educational-vocab-1984","review_all_source","source is configured for manual review"
"生","はえる","ninjal-educational-vocab-1984","review_all_source","source is configured for manual review"
"墓","はか","ninjal-educational-vocab-1984","duplicate_kana_cross_source","same kana already accepted from ninjal-basic-vocab-2009"
"馬鹿","ばか","ninjal-educational-vocab-1984","review_all_source","source is configured for manual review"
"葉書","はがき","ninjal-educational-vocab-1984","duplicate_kana_cross_source","same kana already accepted from ninjal-basic-vocab-2009"
"はかる","はかる","ninjal-educational-vocab-1984","review_all_source","source is configured for manual review"
"履","はく","ninjal-educational-vocab-1984","duplicate_kana_cross_source","same kana already accepted from ninjal-basic-vocab-2009"
"拍手","はくしゅ","ninjal-educational-vocab-1984","duplicate_kana_cross_source","same kana already accepted from ninjal-basic-vocab-2009"
"激","はげしい","ninjal-educational-vocab-1984","review_all_source","source is configured for manual review"
"箱","はこ","ninjal-educational-vocab-1984","duplicate_kana_cross_source","same kana already accepted from ninjal-basic-vocab-2009"
"運","はこぶ","ninjal-educational-vocab-1984","review_all_source","source is configured for manual review"
"鋏","はさみ","ninjal-educational-vocab-1984","duplicate_kana_cross_source","same kana already accepted from ninjal-basic-vocab-2009"
"はさむ","はさむ","ninjal-educational-vocab-1984","review_all_source","source is configured for manual review"
"端","はし","ninjal-educational-vocab-1984","duplicate_kana_cross_source","same kana already accepted from ninjal-basic-vocab-2009"
"恥","はじ","ninjal-educational-vocab-1984","duplicate_kana_cross_source","same kana already accepted from ninjal-basic-vocab-2009"
"始","はじまる","ninjal-educational-vocab-1984","review_all_source","source is configured for manual review"
"はじめ","はじめ","ninjal-educational-vocab-1984","duplicate_kana_cross_source","same kana already accepted from ninjal-basic-vocab-2009"
"はじめて","はじめて","ninjal-educational-vocab-1984","review_all_source","source is configured for manual review"
"始","はじめる","ninjal-educational-vocab-1984","review_all_source","source is configured for manual review"
"場所","ばしょ","ninjal-educational-vocab-1984","duplicate_kana_cross_source","same kana already accepted from ninjal-basic-vocab-2009"
"柱","はしら","ninjal-educational-vocab-1984","duplicate_kana_cross_source","same kana already accepted from ninjal-basic-vocab-2009"
"走","はしる","ninjal-educational-vocab-1984","review_all_source","source is configured for manual review"
"はず","はず","ninjal-educational-vocab-1984","duplicate_kana_cross_source","same kana already accepted from ninjal-basic-vocab-2009"
"バス","ばす","ninjal-educational-vocab-1984","duplicate_kana_cross_source","same kana already accepted from ninjal-basic-vocab-2009"
"恥","はずかしい","ninjal-educational-vocab-1984","review_all_source","source is configured for manual review"
"はずす","はずす","ninjal-educational-vocab-1984","review_all_source","source is configured for manual review"
"旗","はた","ninjal-educational-vocab-1984","duplicate_kana_cross_source","same kana already accepted from ninjal-basic-vocab-2009"
"ハダー","はだー","ninjal-educational-vocab-1984","review_all_source","source is configured for manual review"
"裸","はだか","ninjal-educational-vocab-1984","duplicate_kana_cross_source","same kana already accepted from ninjal-basic-vocab-2009"
"畑","はたけ","ninjal-educational-vocab-1984","duplicate_kana_cross_source","same kana already accepted from ninjal-basic-vocab-2009"
"二十","はたち","ninjal-educational-vocab-1984","review_all_source","source is configured for manual review"
"働","はたらく","ninjal-educational-vocab-1984","review_all_source","source is configured for manual review"
"八","はち","ninjal-educational-vocab-1984","duplicate_kana_cross_source","same kana already accepted from ninjal-basic-vocab-2009"
"発音","はつおん","ninjal-educational-vocab-1984","duplicate_kana_cross_source","same kana already accepted from ninjal-basic-vocab-2009"
"二十日","はつか","ninjal-educational-vocab-1984","review_all_source","source is configured for manual review"
"はっきり","はっきり","ninjal-educational-vocab-1984","review_all_source","source is configured for manual review"
"発見","はっけん","ninjal-educational-vocab-1984","duplicate_kana_cross_source","same kana already accepted from ninjal-basic-vocab-2009"
"発行","はっこう","ninjal-educational-vocab-1984","duplicate_kana_cross_source","same kana already accepted from ninjal-basic-vocab-2009"
"発達","はったつ","ninjal-educational-vocab-1984","duplicate_kana_cross_source","same kana already accepted from ninjal-basic-vocab-2009"
"発展","はってん","ninjal-educational-vocab-1984","duplicate_kana_cross_source","same kana already accepted from ninjal-basic-vocab-2009"
"発表","はっぴょう","ninjal-educational-vocab-1984","duplicate_kana_cross_source","same kana already accepted from ninjal-basic-vocab-2009"
"発明","はつめい","ninjal-educational-vocab-1984","duplicate_kana_cross_source","same kana already accepted from ninjal-basic-vocab-2009"
"派手","はで","ninjal-educational-vocab-1984","duplicate_kana_cross_source","same kana already accepted from ninjal-basic-vocab-2009"
"花","はな","ninjal-educational-vocab-1984","duplicate_kana_cross_source","same kana already accepted from ninjal-basic-vocab-2009"
"話","はなし","ninjal-educational-vocab-1984","duplicate_kana_cross_source","same kana already accepted from ninjal-basic-vocab-2009"
"話","はなす","ninjal-educational-vocab-1984","review_all_source","source is configured for manual review"
"はなれる","はなれる","ninjal-educational-vocab-1984","review_all_source","source is configured for manual review"
"はね","はね","ninjal-educational-vocab-1984","duplicate_kana_cross_source","same kana already accepted from ninjal-basic-vocab-2009"
"母","はは","ninjal-educational-vocab-1984","duplicate_kana_cross_source","same kana already accepted from ninjal-basic-vocab-2009"
"幅","はば","ninjal-educational-vocab-1984","duplicate_kana_cross_source","same kana already accepted from ninjal-basic-vocab-2009"
"嵌","はめる","ninjal-educational-vocab-1984","review_all_source","source is configured for manual review"
"場面","ばめん","ninjal-educational-vocab-1984","duplicate_kana_cross_source","same kana already accepted from ninjal-basic-vocab-2009"
"はやい","はやい","ninjal-educational-vocab-1984","review_all_source","source is configured for manual review"
"林","はやし","ninjal-educational-vocab-1984","duplicate_kana_cross_source","same kana already accepted from ninjal-basic-vocab-2009"
"流行","はやる","ninjal-educational-vocab-1984","review_all_source","source is configured for manual review"
"腹","はら","ninjal-educational-vocab-1984","duplicate_kana_cross_source","same kana already accepted from ninjal-basic-vocab-2009"
"払","はらう","ninjal-educational-vocab-1984","review_all_source","source is configured for manual review"
"針","はり","ninjal-educational-vocab-1984","duplicate_kana_cross_source","same kana already accepted from ninjal-basic-vocab-2009"
"春","はる","ninjal-educational-vocab-1984","duplicate_kana_cross_source","same kana already accepted from ninjal-basic-vocab-2009"
"晴","はれ","ninjal-educational-vocab-1984","duplicate_kana_cross_source","same kana already accepted from ninjal-basic-vocab-2009"
"晴","はれる","ninjal-educational-vocab-1984","review_all_source","source is configured for manual review"
"晩","ばん","ninjal-educational-vocab-1984","duplicate_kana_cross_source","same kana already accepted from ninjal-basic-vocab-2009"
"パン","ぱん","ninjal-educational-vocab-1984","review_all_source","source is configured for manual review"
"範囲","はんい","ninjal-educational-vocab-1984","duplicate_kana_cross_source","same kana already accepted from ninjal-basic-vocab-2009"
"ハンカチ","はんかち","ninjal-educational-vocab-1984","duplicate_kana_cross_source","same kana already accepted from ninjal-basic-vocab-2009"
"番組","ばんぐみ","ninjal-educational-vocab-1984","duplicate_kana_cross_source","same kana already accepted from ninjal-basic-vocab-2009"
"番号","ばんごう","ninjal-educational-vocab-1984","duplicate_kana_cross_source","same kana already accepted from ninjal-basic-vocab-2009"
"反対","はんたい","ninjal-educational-vocab-1984","duplicate_kana_cross_source","same kana already accepted from ninjal-basic-vocab-2009"
"判断","はんだん","ninjal-educational-vocab-1984","duplicate_kana_cross_source","same kana already accepted from ninjal-basic-vocab-2009"
"番地","ばんち","ninjal-educational-vocab-1984","duplicate_kana_cross_source","same kana already accepted from ninjal-basic-vocab-2009"
"半分","はんぶん","ninjal-educational-vocab-1984","duplicate_kana_cross_source","same kana already accepted from ninjal-basic-vocab-2009"
"ピアノ","ぴあの","ninjal-educational-vocab-1984","review_all_source","source is configured for manual review"
"ビール","びーる","ninjal-educational-vocab-1984","review_all_source","source is configured for manual review"
"冷","ひえる","ninjal-educational-vocab-1984","review_all_source","source is configured for manual review"
"比較","ひかく","ninjal-educational-vocab-1984","duplicate_kana_cross_source","same kana already accepted from ninjal-basic-vocab-2009"
"東","ひがし","ninjal-educational-vocab-1984","duplicate_kana_cross_source","same kana already accepted from ninjal-basic-vocab-2009"
"光","ひかり","ninjal-educational-vocab-1984","duplicate_kana_cross_source","same kana already accepted from ninjal-basic-vocab-2009"
"光","ひかる","ninjal-educational-vocab-1984","review_all_source","source is configured for manual review"
"抽斗","ひきだし","ninjal-educational-vocab-1984","duplicate_kana_cross_source","same kana already accepted from ninjal-basic-vocab-2009"
"引","ひく","ninjal-educational-vocab-1984","review_all_source","source is configured for manual review"
"低","ひくい","ninjal-educational-vocab-1984","review_all_source","source is configured for manual review"
"髭","ひげ","ninjal-educational-vocab-1984","duplicate_kana_cross_source","same kana already accepted from ninjal-basic-vocab-2009"
"飛行機","ひこうき","ninjal-educational-vocab-1984","duplicate_kana_cross_source","same kana already accepted from ninjal-basic-vocab-2009"
"膝","ひざ","ninjal-educational-vocab-1984","duplicate_kana_cross_source","same kana already accepted from ninjal-basic-vocab-2009"
"久","ひさしぶり","ninjal-educational-vocab-1984","duplicate_kana_cross_source","same kana already accepted from ninjal-basic-vocab-2009"
"美術","びじゅつ","ninjal-educational-vocab-1984","duplicate_kana_cross_source","same kana already accepted from ninjal-basic-vocab-2009"
"非常","ひじょう","ninjal-educational-vocab-1984","review_all_source","source is configured for manual review"
"左","ひだり","ninjal-educational-vocab-1984","duplicate_kana_cross_source","same kana already accepted from ninjal-basic-vocab-2009"
"びっくり","びっくり","ninjal-educational-vocab-1984","duplicate_kana_cross_source","same kana already accepted from ninjal-basic-vocab-2009"
"日付","ひづけ","ninjal-educational-vocab-1984","duplicate_kana_cross_source","same kana already accepted from ninjal-basic-vocab-2009"
"引越","ひっこす","ninjal-educational-vocab-1984","review_all_source","source is configured for manual review"
"引張","ひっぱる","ninjal-educational-vocab-1984","review_all_source","source is configured for manual review"
"必要","ひつよう","ninjal-educational-vocab-1984","duplicate_kana_cross_source","same kana already accepted from ninjal-basic-vocab-2009"
"否定","ひてい","ninjal-educational-vocab-1984","duplicate_kana_cross_source","same kana already accepted from ninjal-basic-vocab-2009"
"人","ひと","ninjal-educational-vocab-1984","duplicate_kana_cross_source","same kana already accepted from ninjal-basic-vocab-2009"
"ひどい","ひどい","ninjal-educational-vocab-1984","review_all_source","source is configured for manual review"
"人柄","ひとがら","ninjal-educational-vocab-1984","duplicate_kana_cross_source","same kana already accepted from ninjal-basic-vocab-2009"
"等","ひとしい","ninjal-educational-vocab-1984","review_all_source","source is configured for manual review"
"一","ひとつ","ninjal-educational-vocab-1984","duplicate_kana_cross_source","same kana already accepted from ninjal-basic-vocab-2009"
"ひとり","ひとり","ninjal-educational-vocab-1984","review_all_source","source is configured for manual review"
"皮膚","ひふ","ninjal-educational-vocab-1984","duplicate_kana_cross_source","same kana already accepted from ninjal-basic-vocab-2009"
"暇","ひま","ninjal-educational-vocab-1984","duplicate_kana_cross_source","same kana already accepted from ninjal-basic-vocab-2009"
"紐","ひも","ninjal-educational-vocab-1984","duplicate_kana_cross_source","same kana already accepted from ninjal-basic-vocab-2009"
"百","ひゃく","ninjal-educational-vocab-1984","duplicate_kana_cross_source","same kana already accepted from ninjal-basic-vocab-2009"
"冷","ひやす","ninjal-educational-vocab-1984","review_all_source","source is configured for manual review"
"表","ひょう","ninjal-educational-vocab-1984","duplicate_kana_cross_source","same kana already accepted from ninjal-basic-vocab-2009"
"費用","ひよう","ninjal-educational-vocab-1984","duplicate_kana_cross_source","same kana already accepted from ninjal-basic-vocab-2009"
"秒","びょう","ninjal-educational-vocab-1984","duplicate_kana_cross_source","same kana already accepted from ninjal-basic-vocab-2009"
"病院","びょういん","ninjal-educational-vocab-1984","duplicate_kana_cross_source","same kana already accepted from ninjal-basic-vocab-2009"
"病気","びょうき","ninjal-educational-vocab-1984","duplicate_kana_cross_source","same kana already accepted from ninjal-basic-vocab-2009"
"表現","ひょうげん","ninjal-educational-vocab-1984","duplicate_kana_cross_source","same kana already accepted from ninjal-basic-vocab-2009"
"表紙","ひょうし","ninjal-educational-vocab-1984","duplicate_kana_cross_source","same kana already accepted from ninjal-basic-vocab-2009"
"表情","ひょうじょう","ninjal-educational-vocab-1984","duplicate_kana_cross_source","same kana already accepted from ninjal-basic-vocab-2009"
"平等","びょうどう","ninjal-educational-vocab-1984","duplicate_kana_cross_source","same kana already accepted from ninjal-basic-vocab-2009"
"病人","びょうにん","ninjal-educational-vocab-1984","duplicate_kana_cross_source","same kana already accepted from ninjal-basic-vocab-2009"
"評判","ひょうばん","ninjal-educational-vocab-1984","duplicate_kana_cross_source","same kana already accepted from ninjal-basic-vocab-2009"
"平仮名","ひらがな","ninjal-educational-vocab-1984","review_all_source","source is configured for manual review"
"開","ひらく","ninjal-educational-vocab-1984","review_all_source","source is configured for manual review"
"昼","ひる","ninjal-educational-vocab-1984","duplicate_kana_cross_source","same kana already accepted from ninjal-basic-vocab-2009"
"昼間","ひるま","ninjal-educational-vocab-1984","duplicate_kana_cross_source","same kana already accepted from ninjal-basic-vocab-2009"
"広","ひろい","ninjal-educational-vocab-1984","duplicate_kana_cross_source","same kana already accepted from ninjal-basic-vocab-2009"
"拾","ひろう","ninjal-educational-vocab-1984","duplicate_kana_cross_source","same kana already accepted from ninjal-basic-vocab-2009"
"広","ひろがる","ninjal-educational-vocab-1984","review_all_source","source is configured for manual review"
"広","ひろげる","ninjal-educational-vocab-1984","review_all_source","source is configured for manual review"
"瓶","びん","ninjal-educational-vocab-1984","duplicate_kana_cross_source","same kana already accepted from ninjal-basic-vocab-2009"
"貧乏","びんぼう","ninjal-educational-vocab-1984","duplicate_kana_cross_source","same kana already accepted from ninjal-basic-vocab-2009"
"不安","ふあん","ninjal-educational-vocab-1984","duplicate_kana_cross_source","same kana already accepted from ninjal-basic-vocab-2009"
"風","ふう","ninjal-educational-vocab-1984","duplicate_kana_cross_source","same kana already accepted from ninjal-basic-vocab-2009"
"封筒","ふうとう","ninjal-educational-vocab-1984","duplicate_kana_cross_source","same kana already accepted from ninjal-basic-vocab-2009"
"夫婦","ふうふ","ninjal-educational-vocab-1984","duplicate_kana_cross_source","same kana already accepted from ninjal-basic-vocab-2009"
"ふえる","ふえる","ninjal-educational-vocab-1984","review_all_source","source is configured for manual review"
"深","ふかい","ninjal-educational-vocab-1984","review_all_source","source is configured for manual review"
"吹","ふく","ninjal-educational-vocab-1984","duplicate_kana_cross_source","same kana already accepted from ninjal-basic-vocab-2009"
"複雑","ふくざつ","ninjal-educational-vocab-1984","duplicate_kana_cross_source","same kana already accepted from ninjal-basic-vocab-2009"
"服装","ふくそう","ninjal-educational-vocab-1984","duplicate_kana_cross_source","same kana already accepted from ninjal-basic-vocab-2009"
"含","ふくむ","ninjal-educational-vocab-1984","review_all_source","source is configured for manual review"
"袋","ふくろ","ninjal-educational-vocab-1984","duplicate_kana_cross_source","same kana already accepted from ninjal-basic-vocab-2009"
"不幸","ふこう","ninjal-educational-vocab-1984","duplicate_kana_cross_source","same kana already accepted from ninjal-basic-vocab-2009"
"無事","ぶじ","ninjal-educational-vocab-1984","duplicate_kana_cross_source","same kana already accepted from ninjal-basic-vocab-2009"
"不思議","ふしぎ","ninjal-educational-vocab-1984","duplicate_kana_cross_source","same kana already accepted from ninjal-basic-vocab-2009"
"部首","ぶしゅ","ninjal-educational-vocab-1984","duplicate_kana_cross_source","same kana already accepted from ninjal-basic-vocab-2009"
"婦人","ふじん","ninjal-educational-vocab-1984","duplicate_kana_cross_source","same kana already accepted from ninjal-basic-vocab-2009"
"防","ふせぐ","ninjal-educational-vocab-1984","review_all_source","source is configured for manual review"
"不足","ふそく","ninjal-educational-vocab-1984","duplicate_kana_cross_source","same kana already accepted from ninjal-basic-vocab-2009"
"蓋","ふた","ninjal-educational-vocab-1984","duplicate_kana_cross_source","same kana already accepted from ninjal-basic-vocab-2009"
"豚","ぶた","ninjal-educational-vocab-1984","duplicate_kana_cross_source","same kana already accepted from ninjal-basic-vocab-2009"
"二","ふたつ","ninjal-educational-vocab-1984","duplicate_kana_cross_source","same kana already accepted from ninjal-basic-vocab-2009"
"二人","ふたり","ninjal-educational-vocab-1984","review_all_source","source is configured for manual review"
"不断","ふだん","ninjal-educational-vocab-1984","duplicate_kana_cross_source","same kana already accepted from ninjal-basic-vocab-2009"
"普通","ふつう","ninjal-educational-vocab-1984","duplicate_kana_cross_source","same kana already accepted from ninjal-basic-vocab-2009"
"二日","ふつか","ninjal-educational-vocab-1984","review_all_source","source is configured for manual review"
"仏教","ぶっきょう","ninjal-educational-vocab-1984","duplicate_kana_cross_source","same kana already accepted from ninjal-basic-vocab-2009"
"物理","ぶつり","ninjal-educational-vocab-1984","duplicate_kana_cross_source","same kana already accepted from ninjal-basic-vocab-2009"
"太","ふとい","ninjal-educational-vocab-1984","review_all_source","source is configured for manual review"
"太","ふとる","ninjal-educational-vocab-1984","review_all_source","source is configured for manual review"
"蒲団","ふとん","ninjal-educational-vocab-1984","duplicate_kana_cross_source","same kana already accepted from ninjal-basic-vocab-2009"
"船","ふね","ninjal-educational-vocab-1984","duplicate_kana_cross_source","same kana already accepted from ninjal-basic-vocab-2009"
"部分","ぶぶん","ninjal-educational-vocab-1984","duplicate_kana_cross_source","same kana already accepted from ninjal-basic-vocab-2009"
"不便","ふべん","ninjal-educational-vocab-1984","duplicate_kana_cross_source","same kana already accepted from ninjal-basic-vocab-2009"
"踏","ふむ","ninjal-educational-vocab-1984","review_all_source","source is configured for manual review"
"冬","ふゆ","ninjal-educational-vocab-1984","duplicate_kana_cross_source","same kana already accepted from ninjal-basic-vocab-2009"
"振","ふる","ninjal-educational-vocab-1984","review_all_source","source is configured for manual review"
"古","ふるい","ninjal-educational-vocab-1984","duplicate_kana_cross_source","same kana already accepted from ninjal-basic-vocab-2009"
"風呂","ふろ","ninjal-educational-vocab-1984","duplicate_kana_cross_source","same kana already accepted from ninjal-basic-vocab-2009"
"分","ふん","ninjal-educational-vocab-1984","duplicate_kana_cross_source","same kana already accepted from ninjal-basic-vocab-2009"
"分","ぶん","ninjal-educational-vocab-1984","duplicate_kana_cross_source","same kana already accepted from ninjal-basic-vocab-2009"
"文化","ぶんか","ninjal-educational-vocab-1984","duplicate_kana_cross_source","same kana already accepted from ninjal-basic-vocab-2009"
"文学","ぶんがく","ninjal-educational-vocab-1984","duplicate_kana_cross_source","same kana already accepted from ninjal-basic-vocab-2009"
"文章","ぶんしょう","ninjal-educational-vocab-1984","duplicate_kana_cross_source","same kana already accepted from ninjal-basic-vocab-2009"
"文体","ぶんたい","ninjal-educational-vocab-1984","duplicate_kana_cross_source","same kana already accepted from ninjal-basic-vocab-2009"
"文法","ぶんぽう","ninjal-educational-vocab-1984","duplicate_kana_cross_source","same kana already accepted from ninjal-basic-vocab-2009"
"塀","へい","ninjal-educational-vocab-1984","duplicate_kana_cross_source","same kana already accepted from ninjal-basic-vocab-2009"
"平気","へいき","ninjal-educational-vocab-1984","duplicate_kana_cross_source","same kana already accepted from ninjal-basic-vocab-2009"
"平均","へいきん","ninjal-educational-vocab-1984","duplicate_kana_cross_source","same kana already accepted from ninjal-basic-vocab-2009"
"平和","へいわ","ninjal-educational-vocab-1984","duplicate_kana_cross_source","same kana already accepted from ninjal-basic-vocab-2009"
"ページ","ぺーじ","ninjal-educational-vocab-1984","duplicate_kana_cross_source","same kana already accepted from ninjal-basic-vocab-2009"
"下手","へた","ninjal-educational-vocab-1984","review_all_source","source is configured for manual review"
"別","べつ","ninjal-educational-vocab-1984","duplicate_kana_cross_source","same kana already accepted from ninjal-basic-vocab-2009"
"ベット","べっと","ninjal-educational-vocab-1984","review_all_source","source is configured for manual review"
"部屋","へや","ninjal-educational-vocab-1984","review_all_source","source is configured for manual review"
"減","へる","ninjal-educational-vocab-1984","review_all_source","source is configured for manual review"
"ベル","べる","ninjal-educational-vocab-1984","duplicate_kana_cross_source","same kana already accepted from ninjal-basic-vocab-2009"
"辺","へん","ninjal-educational-vocab-1984","duplicate_kana_cross_source","same kana already accepted from ninjal-basic-vocab-2009"
"ペン","ぺん","ninjal-educational-vocab-1984","duplicate_kana_cross_source","same kana already accepted from ninjal-basic-vocab-2009"
"勉強","べんきょう","ninjal-educational-vocab-1984","duplicate_kana_cross_source","same kana already accepted from ninjal-basic-vocab-2009"
"返事","へんじ","ninjal-educational-vocab-1984","duplicate_kana_cross_source","same kana already accepted from ninjal-basic-vocab-2009"
"編集","へんしゅう","ninjal-educational-vocab-1984","duplicate_kana_cross_source","same kana already accepted from ninjal-basic-vocab-2009"
"便所","べんじょ","ninjal-educational-vocab-1984","duplicate_kana_cross_source","same kana already accepted from ninjal-basic-vocab-2009"
"弁当","べんとう","ninjal-educational-vocab-1984","duplicate_kana_cross_source","same kana already accepted from ninjal-basic-vocab-2009"
"便利","べんり","ninjal-educational-vocab-1984","duplicate_kana_cross_source","same kana already accepted from ninjal-basic-vocab-2009"
"母音","ぼいん","ninjal-educational-vocab-1984","duplicate_kana_cross_source","same kana already accepted from ninjal-basic-vocab-2009"
"方","ほう","ninjal-educational-vocab-1984","duplicate_kana_cross_source","same kana already accepted from ninjal-basic-vocab-2009"
"棒","ぼう","ninjal-educational-vocab-1984","duplicate_kana_cross_source","same kana already accepted from ninjal-basic-vocab-2009"
"貿易","ぼうえき","ninjal-educational-vocab-1984","duplicate_kana_cross_source","same kana already accepted from ninjal-basic-vocab-2009"
"方向","ほうこう","ninjal-educational-vocab-1984","duplicate_kana_cross_source","same kana already accepted from ninjal-basic-vocab-2009"
"報告","ほうこく","ninjal-educational-vocab-1984","duplicate_kana_cross_source","same kana already accepted from ninjal-basic-vocab-2009"
"帽子","ぼうし","ninjal-educational-vocab-1984","duplicate_kana_cross_source","same kana already accepted from ninjal-basic-vocab-2009"
"方針","ほうしん","ninjal-educational-vocab-1984","duplicate_kana_cross_source","same kana already accepted from ninjal-basic-vocab-2009"
"放送","ほうそう","ninjal-educational-vocab-1984","duplicate_kana_cross_source","same kana already accepted from ninjal-basic-vocab-2009"
"法則","ほうそく","ninjal-educational-vocab-1984","duplicate_kana_cross_source","same kana already accepted from ninjal-basic-vocab-2009"
"方法","ほうほう","ninjal-educational-vocab-1984","duplicate_kana_cross_source","same kana already accepted from ninjal-basic-vocab-2009"
"方々","ほうぼう","ninjal-educational-vocab-1984","duplicate_kana_cross_source","same kana already accepted from ninjal-basic-vocab-2009"
"方面","ほうめん","ninjal-educational-vocab-1984","duplicate_kana_cross_source","same kana already accepted from ninjal-basic-vocab-2009"
"訪問","ほうもん","ninjal-educational-vocab-1984","duplicate_kana_cross_source","same kana already accepted from ninjal-basic-vocab-2009"
"法律","ほうりつ","ninjal-educational-vocab-1984","duplicate_kana_cross_source","same kana already accepted from ninjal-basic-vocab-2009"
"ボールペン","ぼーるぺん","ninjal-educational-vocab-1984","duplicate_kana_cross_source","same kana already accepted from ninjal-basic-vocab-2009"
"外","ほか","ninjal-educational-vocab-1984","duplicate_kana_cross_source","same kana already accepted from ninjal-basic-vocab-2009"
"僕","ぼく","ninjal-educational-vocab-1984","duplicate_kana_cross_source","same kana already accepted from ninjal-basic-vocab-2009"
"ポケット","ぽけっと","ninjal-educational-vocab-1984","duplicate_kana_cross_source","same kana already accepted from ninjal-basic-vocab-2009"
"埃","ほこり","ninjal-educational-vocab-1984","duplicate_kana_cross_source","same kana already accepted from ninjal-basic-vocab-2009"
"星","ほし","ninjal-educational-vocab-1984","duplicate_kana_cross_source","same kana already accepted from ninjal-basic-vocab-2009"
"欲","ほしい","ninjal-educational-vocab-1984","review_all_source","source is configured for manual review"
"募集","ぼしゅう","ninjal-educational-vocab-1984","duplicate_kana_cross_source","same kana already accepted from ninjal-basic-vocab-2009"
"干","ほす","ninjal-educational-vocab-1984","review_all_source","source is configured for manual review"
"細","ほそい","ninjal-educational-vocab-1984","review_all_source","source is configured for manual review"
"保存","ほぞん","ninjal-educational-vocab-1984","duplicate_kana_cross_source","same kana already accepted from ninjal-basic-vocab-2009"
"ボタン","ぼたん","ninjal-educational-vocab-1984","duplicate_kana_cross_source","same kana already accepted from ninjal-basic-vocab-2009"
"ホテル","ほてる","ninjal-educational-vocab-1984","duplicate_kana_cross_source","same kana already accepted from ninjal-basic-vocab-2009"
"程","ほど","ninjal-educational-vocab-1984","duplicate_kana_cross_source","same kana already accepted from ninjal-basic-vocab-2009"
"仏","ほとけ","ninjal-educational-vocab-1984","duplicate_kana_cross_source","same kana already accepted from ninjal-basic-vocab-2009"
"殆","ほとんど","ninjal-educational-vocab-1984","duplicate_kana_cross_source","same kana already accepted from ninjal-basic-vocab-2009"
"骨","ほね","ninjal-educational-vocab-1984","duplicate_kana_cross_source","same kana already accepted from ninjal-basic-vocab-2009"
"頬","ほほ","ninjal-educational-vocab-1984","duplicate_kana_cross_source","same kana already accepted from ninjal-basic-vocab-2009"
"誉","ほめる","ninjal-educational-vocab-1984","review_all_source","source is configured for manual review"
"ほら","ほら","ninjal-educational-vocab-1984","duplicate_kana_cross_source","same kana already accepted from ninjal-basic-vocab-2009"
"掘","ほる","ninjal-educational-vocab-1984","review_all_source","source is configured for manual review"
"本","ほん","ninjal-educational-vocab-1984","duplicate_kana_cross_source","same kana already accepted from ninjal-basic-vocab-2009"
"ほんの","ほんの","ninjal-educational-vocab-1984","review_all_source","source is configured for manual review"
"翻訳","ほんやく","ninjal-educational-vocab-1984","duplicate_kana_cross_source","same kana already accepted from ninjal-basic-vocab-2009"
"ぼんやり","ぼんやり","ninjal-educational-vocab-1984","review_all_source","source is configured for manual review"
"まあ","まあ","ninjal-educational-vocab-1984","review_all_source","source is configured for manual review"
"毎朝","まいあさ","ninjal-educational-vocab-1984","duplicate_kana_cross_source","same kana already accepted from ninjal-basic-vocab-2009"
"毎週","まいしゅう","ninjal-educational-vocab-1984","duplicate_kana_cross_source","same kana already accepted from ninjal-basic-vocab-2009"
"毎月","まいつき","ninjal-educational-vocab-1984","duplicate_kana_cross_source","same kana already accepted from ninjal-basic-vocab-2009"
"毎日","まいにち","ninjal-educational-vocab-1984","duplicate_kana_cross_source","same kana already accepted from ninjal-basic-vocab-2009"
"毎年","まいねん","ninjal-educational-vocab-1984","duplicate_kana_cross_source","same kana already accepted from ninjal-basic-vocab-2009"
"毎晩","まいばん","ninjal-educational-vocab-1984","duplicate_kana_cross_source","same kana already accepted from ninjal-basic-vocab-2009"
"参","まいる","ninjal-educational-vocab-1984","review_all_source","source is configured for manual review"
"前","まえ","ninjal-educational-vocab-1984","duplicate_kana_cross_source","same kana already accepted from ninjal-basic-vocab-2009"
"曲","まがる","ninjal-educational-vocab-1984","review_all_source","source is configured for manual review"
"巻","まく","ninjal-educational-vocab-1984","duplicate_kana_cross_source","same kana already accepted from ninjal-basic-vocab-2009"
"枕","まくら","ninjal-educational-vocab-1984","duplicate_kana_cross_source","same kana already accepted from ninjal-basic-vocab-2009"
"負","まける","ninjal-educational-vocab-1984","review_all_source","source is configured for manual review"
"曲","まげる","ninjal-educational-vocab-1984","review_all_source","source is configured for manual review"
"孫","まご","ninjal-educational-vocab-1984","duplicate_kana_cross_source","same kana already accepted from ninjal-basic-vocab-2009"
"真面目","まじめ","ninjal-educational-vocab-1984","review_all_source","source is configured for manual review"
"まじる","まじる","ninjal-educational-vocab-1984","review_all_source","source is configured for manual review"
"先","まず","ninjal-educational-vocab-1984","review_all_source","source is configured for manual review"
"まずい","まずい","ninjal-educational-vocab-1984","review_all_source","source is configured for manual review"
"貧","まずしい","ninjal-educational-vocab-1984","review_all_source","source is configured for manual review"
"ますます","ますます","ninjal-educational-vocab-1984","review_all_source","source is configured for manual review"
"まぜる","まぜる","ninjal-educational-vocab-1984","review_all_source","source is configured for manual review"
"又","また","ninjal-educational-vocab-1984","duplicate_kana_cross_source","same kana already accepted from ninjal-basic-vocab-2009"
"未","まだ","ninjal-educational-vocab-1984","review_all_source","source is configured for manual review"
"又","または","ninjal-educational-vocab-1984","review_all_source","source is configured for manual review"
"町","まち","ninjal-educational-vocab-1984","duplicate_kana_cross_source","same kana already accepted from ninjal-basic-vocab-2009"
"間違","まちがい","ninjal-educational-vocab-1984","duplicate_kana_cross_source","same kana already accepted from ninjal-basic-vocab-2009"
"間違","まちがう","ninjal-educational-vocab-1984","review_all_source","source is configured for manual review"
"間違","まちがえる","ninjal-educational-vocab-1984","review_all_source","source is configured for manual review"
"松","まつ","ninjal-educational-vocab-1984","duplicate_kana_cross_source","same kana already accepted from ninjal-basic-vocab-2009"
"真直","まっすぐ","ninjal-educational-vocab-1984","review_all_source","source is configured for manual review"
"全","まったく","ninjal-educational-vocab-1984","review_all_source","source is configured for manual review"
"マッチ","まっち","ninjal-educational-vocab-1984","review_all_source","source is configured for manual review"
"祭","まつり","ninjal-educational-vocab-1984","duplicate_kana_cross_source","same kana already accepted from ninjal-basic-vocab-2009"
"窓","まど","ninjal-educational-vocab-1984","duplicate_kana_cross_source","same kana already accepted from ninjal-basic-vocab-2009"
"纒","まとめる","ninjal-educational-vocab-1984","review_all_source","source is configured for manual review"
"間合","まにあう","ninjal-educational-vocab-1984","review_all_source","source is configured for manual review"
"真似","まね","ninjal-educational-vocab-1984","review_all_source","source is configured for manual review"
"招","まねく","ninjal-educational-vocab-1984","review_all_source","source is configured for manual review"
"豆","まめ","ninjal-educational-vocab-1984","duplicate_kana_cross_source","same kana already accepted from ninjal-basic-vocab-2009"
"守","まもる","ninjal-educational-vocab-1984","review_all_source","source is configured for manual review"
"迷","まよう","ninjal-educational-vocab-1984","review_all_source","source is configured for manual review"
"丸","まる","ninjal-educational-vocab-1984","duplicate_kana_cross_source","same kana already accepted from ninjal-basic-vocab-2009"
"丸","まるい","ninjal-educational-vocab-1984","review_all_source","source is configured for manual review"
"まるで","まるで","ninjal-educational-vocab-1984","review_all_source","source is configured for manual review"
"回","まわす","ninjal-educational-vocab-1984","review_all_source","source is configured for manual review"
"回","まわり","ninjal-educational-vocab-1984","duplicate_kana_cross_source","same kana already accepted from ninjal-basic-vocab-2009"
"回","まわる","ninjal-educational-vocab-1984","review_all_source","source is configured for manual review"
"万","まん","ninjal-educational-vocab-1984","duplicate_kana_cross_source","same kana already accepted from ninjal-basic-vocab-2009"
"満員","まんいん","ninjal-educational-vocab-1984","duplicate_kana_cross_source","same kana already accepted from ninjal-basic-vocab-2009"
"満足","まんぞく","ninjal-educational-vocab-1984","duplicate_kana_cross_source","same kana already accepted from ninjal-basic-vocab-2009"
"真中","まんなか","ninjal-educational-vocab-1984","duplicate_kana_cross_source","same kana already accepted from ninjal-basic-vocab-2009"
"万年筆","まんねんひつ","ninjal-educational-vocab-1984","duplicate_kana_cross_source","same kana already accepted from ninjal-basic-vocab-2009"
"見","みえる","ninjal-educational-vocab-1984","review_all_source","source is configured for manual review"
"見送","みおくり","ninjal-educational-vocab-1984","duplicate_kana_cross_source","same kana already accepted from ninjal-basic-vocab-2009"
"磨","みがく","ninjal-educational-vocab-1984","review_all_source","source is configured for manual review"
"味方","みかた","ninjal-educational-vocab-1984","duplicate_kana_cross_source","same kana already accepted from ninjal-basic-vocab-2009"
"蜜柑","みかん","ninjal-educational-vocab-1984","duplicate_kana_cross_source","same kana already accepted from ninjal-basic-vocab-2009"
"右","みぎ","ninjal-educational-vocab-1984","duplicate_kana_cross_source","same kana already accepted from ninjal-basic-vocab-2009"
"短","みじかい","ninjal-educational-vocab-1984","review_all_source","source is configured for manual review"
"水","みず","ninjal-educational-vocab-1984","duplicate_kana_cross_source","same kana already accepted from ninjal-basic-vocab-2009"
"湖","みずうみ","ninjal-educational-vocab-1984","duplicate_kana_cross_source","same kana already accepted from ninjal-basic-vocab-2009"
"店","みせ","ninjal-educational-vocab-1984","duplicate_kana_cross_source","same kana already accepted from ninjal-basic-vocab-2009"
"見","みせる","ninjal-educational-vocab-1984","review_all_source","source is configured for manual review"
"味噌","みそ","ninjal-educational-vocab-1984","duplicate_kana_cross_source","same kana already accepted from ninjal-basic-vocab-2009"
"道","みち","ninjal-educational-vocab-1984","duplicate_kana_cross_source","same kana already accepted from ninjal-basic-vocab-2009"
"三日","みっか","ninjal-educational-vocab-1984","duplicate_kana_cross_source","same kana already accepted from ninjal-basic-vocab-2009"
"見付","みつかる","ninjal-educational-vocab-1984","review_all_source","source is configured for manual review"
"見付","みつける","ninjal-educational-vocab-1984","review_all_source","source is configured for manual review"
"三","みっつ","ninjal-educational-vocab-1984","duplicate_kana_cross_source","same kana already accepted from ninjal-basic-vocab-2009"
"認","みとめる","ninjal-educational-vocab-1984","review_all_source","source is configured for manual review"
"緑","みどり","ninjal-educational-vocab-1984","duplicate_kana_cross_source","same kana already accepted from ninjal-basic-vocab-2009"
"港","みなと","ninjal-educational-vocab-1984","duplicate_kana_cross_source","same kana already accepted from ninjal-basic-vocab-2009"
"南","みなみ","ninjal-educational-vocab-1984","duplicate_kana_cross_source","same kana already accepted from ninjal-basic-vocab-2009"
"身分","みぶん","ninjal-educational-vocab-1984","duplicate_kana_cross_source","same kana already accepted from ninjal-basic-vocab-2009"
"見舞","みまい","ninjal-educational-vocab-1984","duplicate_kana_cross_source","same kana already accepted from ninjal-basic-vocab-2009"
"耳","みみ","ninjal-educational-vocab-1984","duplicate_kana_cross_source","same kana already accepted from ninjal-basic-vocab-2009"
"土産","みやげ","ninjal-educational-vocab-1984","review_all_source","source is configured for manual review"
"未来","みらい","ninjal-educational-vocab-1984","duplicate_kana_cross_source","same kana already accepted from ninjal-basic-vocab-2009"
"ミリ","みり","ninjal-educational-vocab-1984","review_all_source","source is configured for manual review"
"魅力","みりょく","ninjal-educational-vocab-1984","duplicate_kana_cross_source","same kana already accepted from ninjal-basic-vocab-2009"
"みる","みる","ninjal-educational-vocab-1984","review_all_source","source is configured for manual review"
"ミルク","みるく","ninjal-educational-vocab-1984","duplicate_kana_cross_source","same kana already accepted from ninjal-basic-vocab-2009"
"六日","むいか","ninjal-educational-vocab-1984","duplicate_kana_cross_source","same kana already accepted from ninjal-basic-vocab-2009"
"向","むかう","ninjal-educational-vocab-1984","review_all_source","source is configured for manual review"
"迎","むかえる","ninjal-educational-vocab-1984","review_all_source","source is configured for manual review"
"昔","むかし","ninjal-educational-vocab-1984","duplicate_kana_cross_source","same kana already accepted from ninjal-basic-vocab-2009"
"麦","むぎ","ninjal-educational-vocab-1984","duplicate_kana_cross_source","same kana already accepted from ninjal-basic-vocab-2009"
"向","むく","ninjal-educational-vocab-1984","review_all_source","source is configured for manual review"
"向","むける","ninjal-educational-vocab-1984","review_all_source","source is configured for manual review"
"向","むこう","ninjal-educational-vocab-1984","duplicate_kana_cross_source","same kana already accepted from ninjal-basic-vocab-2009"
"虫","むし","ninjal-educational-vocab-1984","duplicate_kana_cross_source","same kana already accepted from ninjal-basic-vocab-2009"
"蒸暑","むしあつい","ninjal-educational-vocab-1984","review_all_source","source is configured for manual review"
"寧","むしろ","ninjal-educational-vocab-1984","duplicate_kana_cross_source","same kana already accepted from ninjal-basic-vocab-2009"
"難","むずかしい","ninjal-educational-vocab-1984","review_all_source","source is configured for manual review"
"息子","むすこ","ninjal-educational-vocab-1984","review_all_source","source is configured for manual review"
"結","むすぶ","ninjal-educational-vocab-1984","review_all_source","source is configured for manual review"
"娘","むすめ","ninjal-educational-vocab-1984","duplicate_kana_cross_source","same kana already accepted from ninjal-basic-vocab-2009"
"無駄","むだ","ninjal-educational-vocab-1984","duplicate_kana_cross_source","same kana already accepted from ninjal-basic-vocab-2009"
"夢中","むちゅう","ninjal-educational-vocab-1984","duplicate_kana_cross_source","same kana already accepted from ninjal-basic-vocab-2009"
"六","むっつ","ninjal-educational-vocab-1984","duplicate_kana_cross_source","same kana already accepted from ninjal-basic-vocab-2009"
"胸","むね","ninjal-educational-vocab-1984","duplicate_kana_cross_source","same kana already accepted from ninjal-basic-vocab-2009"
"村","むら","ninjal-educational-vocab-1984","duplicate_kana_cross_source","same kana already accepted from ninjal-basic-vocab-2009"
"紫","むらさき","ninjal-educational-vocab-1984","duplicate_kana_cross_source","same kana already accepted from ninjal-basic-vocab-2009"
"無理","むり","ninjal-educational-vocab-1984","duplicate_kana_cross_source","same kana already accepted from ninjal-basic-vocab-2009"
"命令","めいれい","ninjal-educational-vocab-1984","duplicate_kana_cross_source","same kana already accepted from ninjal-basic-vocab-2009"
"迷惑","めいわく","ninjal-educational-vocab-1984","duplicate_kana_cross_source","same kana already accepted from ninjal-basic-vocab-2009"
"メートル","めーとる","ninjal-educational-vocab-1984","review_all_source","source is configured for manual review"
"眼鏡","めがね","ninjal-educational-vocab-1984","review_all_source","source is configured for manual review"
"召上","めしあがる","ninjal-educational-vocab-1984","review_all_source","source is configured for manual review"
"珍","めずらしい","ninjal-educational-vocab-1984","review_all_source","source is configured for manual review"
"めでたい","めでたい","ninjal-educational-vocab-1984","review_all_source","source is configured for manual review"
"綿","めん","ninjal-educational-vocab-1984","duplicate_kana_cross_source","same kana already accepted from ninjal-basic-vocab-2009"
"面会","めんかい","ninjal-educational-vocab-1984","duplicate_kana_cross_source","same kana already accepted from ninjal-basic-vocab-2009"
"面倒","めんどう","ninjal-educational-vocab-1984","duplicate_kana_cross_source","same kana already accepted from ninjal-basic-vocab-2009"
"もう","もう","ninjal-educational-vocab-1984","review_all_source","source is configured for manual review"
"申","もうす","ninjal-educational-vocab-1984","review_all_source","source is configured for manual review"
"毛布","もうふ","ninjal-educational-vocab-1984","duplicate_kana_cross_source","same kana already accepted from ninjal-basic-vocab-2009"
"燃","もえる","ninjal-educational-vocab-1984","review_all_source","source is configured for manual review"
"目的","もくてき","ninjal-educational-vocab-1984","duplicate_kana_cross_source","same kana already accepted from ninjal-basic-vocab-2009"
"若","もし","ninjal-educational-vocab-1984","review_all_source","source is configured for manual review"
"もしもし","もしもし","ninjal-educational-vocab-1984","review_all_source","source is configured for manual review"
"用","もちいる","ninjal-educational-vocab-1984","review_all_source","source is configured for manual review"
"勿論","もちろん","ninjal-educational-vocab-1984","review_all_source","source is configured for manual review"
"持","もつ","ninjal-educational-vocab-1984","review_all_source","source is configured for manual review"
"もっと","もっと","ninjal-educational-vocab-1984","review_all_source","source is configured for manual review"
"尤","もっとも","ninjal-educational-vocab-1984","review_all_source","source is configured for manual review"
"元","もと","ninjal-educational-vocab-1984","duplicate_kana_cross_source","same kana already accepted from ninjal-basic-vocab-2009"
"求","もとめる","ninjal-educational-vocab-1984","review_all_source","source is configured for manual review"
"戻","もどる","ninjal-educational-vocab-1984","review_all_source","source is configured for manual review"
"もの","もの","ninjal-educational-vocab-1984","duplicate_kana_cross_source","same kana already accepted from ninjal-basic-vocab-2009"
"模様","もよう","ninjal-educational-vocab-1984","duplicate_kana_cross_source","same kana already accepted from ninjal-basic-vocab-2009"
"貰","もらう","ninjal-educational-vocab-1984","review_all_source","source is configured for manual review"
"森","もり","ninjal-educational-vocab-1984","duplicate_kana_cross_source","same kana already accepted from ninjal-basic-vocab-2009"
"漏","もれる","ninjal-educational-vocab-1984","review_all_source","source is configured for manual review"
"門","もん","ninjal-educational-vocab-1984","duplicate_kana_cross_source","same kana already accepted from ninjal-basic-vocab-2009"
"問題","もんだい","ninjal-educational-vocab-1984","duplicate_kana_cross_source","same kana already accepted from ninjal-basic-vocab-2009"
"八百屋","やおや","ninjal-educational-vocab-1984","review_all_source","source is configured for manual review"
"やがて","やがて","ninjal-educational-vocab-1984","review_all_source","source is configured for manual review"
"やかましい","やかましい","ninjal-educational-vocab-1984","review_all_source","source is configured for manual review"
"野球","やきゅう","ninjal-educational-vocab-1984","duplicate_kana_cross_source","same kana already accepted from ninjal-basic-vocab-2009"
"焼","やく","ninjal-educational-vocab-1984","duplicate_kana_cross_source","same kana already accepted from ninjal-basic-vocab-2009"
"役所","やくしょ","ninjal-educational-vocab-1984","duplicate_kana_cross_source","same kana already accepted from ninjal-basic-vocab-2009"
"約束","やくそく","ninjal-educational-vocab-1984","duplicate_kana_cross_source","same kana already accepted from ninjal-basic-vocab-2009"
"焼","やける","ninjal-educational-vocab-1984","review_all_source","source is configured for manual review"
"野菜","やさい","ninjal-educational-vocab-1984","duplicate_kana_cross_source","same kana already accepted from ninjal-basic-vocab-2009"
"易","やさしい","ninjal-educational-vocab-1984","review_all_source","source is configured for manual review"
"養","やしなう","ninjal-educational-vocab-1984","review_all_source","source is configured for manual review"
"やすい","やすい","ninjal-educational-vocab-1984","review_all_source","source is configured for manual review"
"休","やすみ","ninjal-educational-vocab-1984","duplicate_kana_cross_source","same kana already accepted from ninjal-basic-vocab-2009"
"休","やすむ","ninjal-educational-vocab-1984","review_all_source","source is configured for manual review"
"痩","やせる","ninjal-educational-vocab-1984","review_all_source","source is configured for manual review"
"八","やっつ","ninjal-educational-vocab-1984","duplicate_kana_cross_source","same kana already accepted from ninjal-basic-vocab-2009"
"やっと","やっと","ninjal-educational-vocab-1984","review_all_source","source is configured for manual review"
"雇","やとう","ninjal-educational-vocab-1984","duplicate_kana_cross_source","same kana already accepted from ninjal-basic-vocab-2009"
"屋根","やね","ninjal-educational-vocab-1984","duplicate_kana_cross_source","same kana already accepted from ninjal-basic-vocab-2009"
"破","やぶる","ninjal-educational-vocab-1984","review_all_source","source is configured for manual review"
"やぶれる","やぶれる","ninjal-educational-vocab-1984","review_all_source","source is configured for manual review"
"山","やま","ninjal-educational-vocab-1984","duplicate_kana_cross_source","same kana already accepted from ninjal-basic-vocab-2009"
"止","やむ","ninjal-educational-vocab-1984","review_all_source","source is configured for manual review"
"止","やめる","ninjal-educational-vocab-1984","review_all_source","source is configured for manual review"
"遣","やる","ninjal-educational-vocab-1984","review_all_source","source is configured for manual review"
"やわらか いな","やわらかいな","ninjal-educational-vocab-1984","review_all_source","source is configured for manual review"
"夕方","ゆうがた","ninjal-educational-vocab-1984","duplicate_kana_cross_source","same kana already accepted from ninjal-basic-vocab-2009"
"勇気","ゆうき","ninjal-educational-vocab-1984","duplicate_kana_cross_source","same kana already accepted from ninjal-basic-vocab-2009"
"友情","ゆうじょう","ninjal-educational-vocab-1984","duplicate_kana_cross_source","same kana already accepted from ninjal-basic-vocab-2009"
"夕食","ゆうしょく","ninjal-educational-vocab-1984","duplicate_kana_cross_source","same kana already accepted from ninjal-basic-vocab-2009"
"郵便","ゆうびん","ninjal-educational-vocab-1984","duplicate_kana_cross_source","same kana already accepted from ninjal-basic-vocab-2009"
"郵便局","ゆうびんきょく","ninjal-educational-vocab-1984","duplicate_kana_cross_source","same kana already accepted from ninjal-basic-vocab-2009"
"夕","ゆうべ","ninjal-educational-vocab-1984","duplicate_kana_cross_source","same kana already accepted from ninjal-basic-vocab-2009"
"有名","ゆうめい","ninjal-educational-vocab-1984","duplicate_kana_cross_source","same kana already accepted from ninjal-basic-vocab-2009"
"床","ゆか","ninjal-educational-vocab-1984","duplicate_kana_cross_source","same kana already accepted from ninjal-basic-vocab-2009"
"愉快","ゆかい","ninjal-educational-vocab-1984","duplicate_kana_cross_source","same kana already accepted from ninjal-basic-vocab-2009"
"雪","ゆき","ninjal-educational-vocab-1984","duplicate_kana_cross_source","same kana already accepted from ninjal-basic-vocab-2009"
"輸出","ゆしゅつ","ninjal-educational-vocab-1984","duplicate_kana_cross_source","same kana already accepted from ninjal-basic-vocab-2009"
"ゆっくり","ゆっくり","ninjal-educational-vocab-1984","review_all_source","source is configured for manual review"
"茹","ゆでる","ninjal-educational-vocab-1984","review_all_source","source is configured for manual review"
"輸入","ゆにゅう","ninjal-educational-vocab-1984","duplicate_kana_cross_source","same kana already accepted from ninjal-basic-vocab-2009"
"指","ゆび","ninjal-educational-vocab-1984","duplicate_kana_cross_source","same kana already accepted from ninjal-basic-vocab-2009"
"指輪","ゆびわ","ninjal-educational-vocab-1984","duplicate_kana_cross_source","same kana already accepted from ninjal-basic-vocab-2009"
"夢","ゆめ","ninjal-educational-vocab-1984","duplicate_kana_cross_source","same kana already accepted from ninjal-basic-vocab-2009"
"緩","ゆるい","ninjal-educational-vocab-1984","review_all_source","source is configured for manual review"
"許","ゆるす","ninjal-educational-vocab-1984","review_all_source","source is configured for manual review"
"揺","ゆれる","ninjal-educational-vocab-1984","review_all_source","source is configured for manual review"
"酔","よう","ninjal-educational-vocab-1984","duplicate_kana_cross_source","same kana already accepted from ninjal-basic-vocab-2009"
"用意","ようい","ninjal-educational-vocab-1984","duplicate_kana_cross_source","same kana already accepted from ninjal-basic-vocab-2009"
"八日","ようか","ninjal-educational-vocab-1984","duplicate_kana_cross_source","same kana already accepted from ninjal-basic-vocab-2009"
"要求","ようきゅう","ninjal-educational-vocab-1984","duplicate_kana_cross_source","same kana already accepted from ninjal-basic-vocab-2009"
"用事","ようじ","ninjal-educational-vocab-1984","duplicate_kana_cross_source","same kana already accepted from ninjal-basic-vocab-2009"
"用心","ようじん","ninjal-educational-vocab-1984","duplicate_kana_cross_source","same kana already accepted from ninjal-basic-vocab-2009"
"様子","ようす","ninjal-educational-vocab-1984","duplicate_kana_cross_source","same kana already accepted from ninjal-basic-vocab-2009"
"幼稚園","ようちえん","ninjal-educational-vocab-1984","duplicate_kana_cross_source","same kana already accepted from ninjal-basic-vocab-2009"
"洋服","ようふく","ninjal-educational-vocab-1984","duplicate_kana_cross_source","same kana already accepted from ninjal-basic-vocab-2009"
"ようやく","ようやく","ninjal-educational-vocab-1984","review_all_source","source is configured for manual review"
"よく","よく","ninjal-educational-vocab-1984","duplicate_kana_cross_source","same kana already accepted from ninjal-basic-vocab-2009"
"避","よける","ninjal-educational-vocab-1984","review_all_source","source is configured for manual review"
"横","よこ","ninjal-educational-vocab-1984","duplicate_kana_cross_source","same kana already accepted from ninjal-basic-vocab-2009"
"汚","よごす","ninjal-educational-vocab-1984","review_all_source","source is configured for manual review"
"汚","よごれる","ninjal-educational-vocab-1984","review_all_source","source is configured for manual review"
"予算","よさん","ninjal-educational-vocab-1984","duplicate_kana_cross_source","same kana already accepted from ninjal-basic-vocab-2009"
"よそ","よそ","ninjal-educational-vocab-1984","review_all_source","source is configured for manual review"
"予想","よそう","ninjal-educational-vocab-1984","duplicate_kana_cross_source","same kana already accepted from ninjal-basic-vocab-2009"
"四日","よっか","ninjal-educational-vocab-1984","duplicate_kana_cross_source","same kana already accepted from ninjal-basic-vocab-2009"
"四","よっつ","ninjal-educational-vocab-1984","duplicate_kana_cross_source","same kana already accepted from ninjal-basic-vocab-2009"
"予定","よてい","ninjal-educational-vocab-1984","duplicate_kana_cross_source","same kana already accepted from ninjal-basic-vocab-2009"
"夜中","よなか","ninjal-educational-vocab-1984","duplicate_kana_cross_source","same kana already accepted from ninjal-basic-vocab-2009"
"呼","よぶ","ninjal-educational-vocab-1984","review_all_source","source is configured for manual review"
"予防","よぼう","ninjal-educational-vocab-1984","duplicate_kana_cross_source","same kana already accepted from ninjal-basic-vocab-2009"
"読","よむ","ninjal-educational-vocab-1984","review_all_source","source is configured for manual review"
"夜","よる","ninjal-educational-vocab-1984","duplicate_kana_cross_source","same kana already accepted from ninjal-basic-vocab-2009"
"喜","よろこぶ","ninjal-educational-vocab-1984","review_all_source","source is configured for manual review"
"よろしい","よろしい","ninjal-educational-vocab-1984","review_all_source","source is configured for manual review"
"弱","よわい","ninjal-educational-vocab-1984","review_all_source","source is configured for manual review"
"四","よん","ninjal-educational-vocab-1984","duplicate_kana_cross_source","same kana already accepted from ninjal-basic-vocab-2009"
"来月","らいげつ","ninjal-educational-vocab-1984","duplicate_kana_cross_source","same kana already accepted from ninjal-basic-vocab-2009"
"来週","らいしゅう","ninjal-educational-vocab-1984","duplicate_kana_cross_source","same kana already accepted from ninjal-basic-vocab-2009"
"来年","らいねん","ninjal-educational-vocab-1984","duplicate_kana_cross_source","same kana already accepted from ninjal-basic-vocab-2009"
"楽","らく","ninjal-educational-vocab-1984","duplicate_kana_cross_source","same kana already accepted from ninjal-basic-vocab-2009"
"ラジオ","らじお","ninjal-educational-vocab-1984","duplicate_kana_cross_source","same kana already accepted from ninjal-basic-vocab-2009"
"乱暴","らんぼう","ninjal-educational-vocab-1984","duplicate_kana_cross_source","same kana already accepted from ninjal-basic-vocab-2009"
"利益","りえき","ninjal-educational-vocab-1984","duplicate_kana_cross_source","same kana already accepted from ninjal-basic-vocab-2009"
"理解","りかい","ninjal-educational-vocab-1984","duplicate_kana_cross_source","same kana already accepted from ninjal-basic-vocab-2009"
"陸","りく","ninjal-educational-vocab-1984","duplicate_kana_cross_source","same kana already accepted from ninjal-basic-vocab-2009"
"利巧","りこう","ninjal-educational-vocab-1984","duplicate_kana_cross_source","same kana already accepted from ninjal-basic-vocab-2009"
"理想","りそう","ninjal-educational-vocab-1984","duplicate_kana_cross_source","same kana already accepted from ninjal-basic-vocab-2009"
"利息","りそく","ninjal-educational-vocab-1984","duplicate_kana_cross_source","same kana already accepted from ninjal-basic-vocab-2009"
"立派","りっぱ","ninjal-educational-vocab-1984","review_all_source","source is configured for manual review"
"理由","りゆう","ninjal-educational-vocab-1984","duplicate_kana_cross_source","same kana already accepted from ninjal-basic-vocab-2009"
"留学","りゅうがく","ninjal-educational-vocab-1984","duplicate_kana_cross_source","same kana already accepted from ninjal-basic-vocab-2009"
"流行","りゅうこう","ninjal-educational-vocab-1984","duplicate_kana_cross_source","same kana already accepted from ninjal-basic-vocab-2009"
"量","りょう","ninjal-educational-vocab-1984","duplicate_kana_cross_source","same kana already accepted from ninjal-basic-vocab-2009"
"利用","りよう","ninjal-educational-vocab-1984","duplicate_kana_cross_source","same kana already accepted from ninjal-basic-vocab-2009"
"料金","りょうきん","ninjal-educational-vocab-1984","duplicate_kana_cross_source","same kana already accepted from ninjal-basic-vocab-2009"
"両親","りょうしん","ninjal-educational-vocab-1984","duplicate_kana_cross_source","same kana already accepted from ninjal-basic-vocab-2009"
"両方","りょうほう","ninjal-educational-vocab-1984","duplicate_kana_cross_source","same kana already accepted from ninjal-basic-vocab-2009"
"料理","りょうり","ninjal-educational-vocab-1984","duplicate_kana_cross_source","same kana already accepted from ninjal-basic-vocab-2009"
"旅館","りょかん","ninjal-educational-vocab-1984","duplicate_kana_cross_source","same kana already accepted from ninjal-basic-vocab-2009"
"旅行","りょこう","ninjal-educational-vocab-1984","duplicate_kana_cross_source","same kana already accepted from ninjal-basic-vocab-2009"
"理論","りろん","ninjal-educational-vocab-1984","duplicate_kana_cross_source","same kana already accepted from ninjal-basic-vocab-2009"
"りんご","りんご","ninjal-educational-vocab-1984","review_all_source","source is configured for manual review"
"留守","るす","ninjal-educational-vocab-1984","duplicate_kana_cross_source","same kana already accepted from ninjal-basic-vocab-2009"
"礼","れい","ninjal-educational-vocab-1984","duplicate_kana_cross_source","same kana already accepted from ninjal-basic-vocab-2009"
"例外","れいがい","ninjal-educational-vocab-1984","duplicate_kana_cross_source","same kana already accepted from ninjal-basic-vocab-2009"
"礼儀","れいぎ","ninjal-educational-vocab-1984","duplicate_kana_cross_source","same kana already accepted from ninjal-basic-vocab-2009"
"歴史","れきし","ninjal-educational-vocab-1984","duplicate_kana_cross_source","same kana already accepted from ninjal-basic-vocab-2009"
"列","れつ","ninjal-educational-vocab-1984","duplicate_kana_cross_source","same kana already accepted from ninjal-basic-vocab-2009"
"恋愛","れんあい","ninjal-educational-vocab-1984","duplicate_kana_cross_source","same kana already accepted from ninjal-basic-vocab-2009"
"練習","れんしゅう","ninjal-educational-vocab-1984","duplicate_kana_cross_source","same kana already accepted from ninjal-basic-vocab-2009"
"連絡","れんらく","ninjal-educational-vocab-1984","duplicate_kana_cross_source","same kana already accepted from ninjal-basic-vocab-2009"
"廊下","ろうか","ninjal-educational-vocab-1984","duplicate_kana_cross_source","same kana already accepted from ninjal-basic-vocab-2009"
"老人","ろうじん","ninjal-educational-vocab-1984","duplicate_kana_cross_source","same kana already accepted from ninjal-basic-vocab-2009"
"労働","ろうどう","ninjal-educational-vocab-1984","duplicate_kana_cross_source","same kana already accepted from ninjal-basic-vocab-2009"
"字","ろーまじ","ninjal-educational-vocab-1984","duplicate_kana_cross_source","same kana already accepted from ninjal-basic-vocab-2009"
"六","ろく","ninjal-educational-vocab-1984","duplicate_kana_cross_source","same kana already accepted from ninjal-basic-vocab-2009"
"録音","ろくおん","ninjal-educational-vocab-1984","duplicate_kana_cross_source","same kana already accepted from ninjal-basic-vocab-2009"
"論文","ろんぶん","ninjal-educational-vocab-1984","duplicate_kana_cross_source","same kana already accepted from ninjal-basic-vocab-2009"
"ワイシャツ","わいしゃつ","ninjal-educational-vocab-1984","duplicate_kana_cross_source","same kana already accepted from ninjal-basic-vocab-2009"
"若","わかい","ninjal-educational-vocab-1984","review_all_source","source is configured for manual review"
"沸","わかす","ninjal-educational-vocab-1984","review_all_source","source is configured for manual review"
"わがまま","わがまま","ninjal-educational-vocab-1984","duplicate_kana_cross_source","same kana already accepted from ninjal-basic-vocab-2009"
"分","わかる","ninjal-educational-vocab-1984","review_all_source","source is configured for manual review"
"わかれる","わかれる","ninjal-educational-vocab-1984","review_all_source","source is configured for manual review"
"わく","わく","ninjal-educational-vocab-1984","duplicate_kana_cross_source","same kana already accepted from ninjal-basic-vocab-2009"
"訳","わけ","ninjal-educational-vocab-1984","duplicate_kana_cross_source","same kana already accepted from ninjal-basic-vocab-2009"
"分","わける","ninjal-educational-vocab-1984","review_all_source","source is configured for manual review"
"わざわざ","わざわざ","ninjal-educational-vocab-1984","review_all_source","source is configured for manual review"
"わずか","わずか","ninjal-educational-vocab-1984","review_all_source","source is configured for manual review"
"忘物","わすれもの","ninjal-educational-vocab-1984","duplicate_kana_cross_source","same kana already accepted from ninjal-basic-vocab-2009"
"忘","わすれる","ninjal-educational-vocab-1984","review_all_source","source is configured for manual review"
"綿","わた","ninjal-educational-vocab-1984","duplicate_kana_cross_source","same kana already accepted from ninjal-basic-vocab-2009"
"話題","わだい","ninjal-educational-vocab-1984","duplicate_kana_cross_source","same kana already accepted from ninjal-basic-vocab-2009"
"私達","わたしたち","ninjal-educational-vocab-1984","duplicate_kana_cross_source","same kana already accepted from ninjal-basic-vocab-2009"
"渡","わたす","ninjal-educational-vocab-1984","review_all_source","source is configured for manual review"
"渡","わたる","ninjal-educational-vocab-1984","review_all_source","source is configured for manual review"
"笑","わらう","ninjal-educational-vocab-1984","review_all_source","source is configured for manual review"
"わりあい に","わりあいに","ninjal-educational-vocab-1984","review_all_source","source is configured for manual review"
"割","わる","ninjal-educational-vocab-1984","review_all_source","source is configured for manual review"
"悪","わるい","ninjal-educational-vocab-1984","review_all_source","source is configured for manual review"
"割","われる","ninjal-educational-vocab-1984","review_all_source","source is configured for manual review"
"我々","われわれ","ninjal-educational-vocab-1984","review_all_source","source is configured for manual review"
"これら","これら","ninjal-educational-vocab-1984","review_all_source","source is configured for manual review"
"どちら","どちら","ninjal-educational-vocab-1984","review_all_source","source is configured for manual review"
"いつごろ","いつごろ","ninjal-educational-vocab-1984","review_all_source","source is configured for manual review"
"ごと","ごと","ninjal-educational-vocab-1984","review_all_source","source is configured for manual review"
"これまで","これまで","ninjal-educational-vocab-1984","review_all_source","source is configured for manual review"
"あす","あす","ninjal-educational-vocab-1984","review_all_source","source is configured for manual review"
"なんべん","なんべん","ninjal-educational-vocab-1984","duplicate_kana_cross_source","same kana already accepted from ninjal-basic-vocab-2009"
"なのか","なのか","ninjal-educational-vocab-1984","duplicate_kana_cross_source","same kana already accepted from ninjal-basic-vocab-2009"
"キロメートル","きろめーとる","ninjal-educational-vocab-1984","review_all_source","source is configured for manual review"
"センチメートル","せんちめーとる","ninjal-educational-vocab-1984","duplicate_kana_cross_source","same kana already accepted from ninjal-basic-vocab-2009"
"ミリメートル","みりめーとる","ninjal-educational-vocab-1984","review_all_source","source is configured for manual review"
"キログラム","きろぐらむ","ninjal-educational-vocab-1984","review_all_source","source is configured for manual review"
"たち","たち","ninjal-educational-vocab-1984","review_all_source","source is configured for manual review"
"まで","まで","ninjal-educational-vocab-1984","review_all_source","source is configured for manual review"
"だけ","だけ","ninjal-educational-vocab-1984","review_all_source","source is configured for manual review"
"ばかり","ばかり","ninjal-educational-vocab-1984","review_all_source","source is configured for manual review"
"このかた","このかた","ninjal-educational-vocab-1984","duplicate_kana_cross_source","same kana already accepted from ninjal-basic-vocab-2009"
"そのかた","そのかた","ninjal-educational-vocab-1984","review_all_source","source is configured for manual review"
"あのかた","あのかた","ninjal-educational-vocab-1984","review_all_source","source is configured for manual review"
"ばあさん","ばあさん","ninjal-educational-vocab-1984","review_all_source","source is configured for manual review"
"おかあさまさん","かあ","ninjal-educational-vocab-1984","review_all_source","source is configured for manual review"
"おじいさん","おじいさん","ninjal-educational-vocab-1984","duplicate_kana_cross_source","same kana already accepted from ninjal-basic-vocab-2009"
"おばあさん","おばあさん","ninjal-educational-vocab-1984","duplicate_kana_cross_source","same kana already accepted from ninjal-basic-vocab-2009"
"そばや","そばや","ninjal-educational-vocab-1984","review_all_source","source is configured for manual review"
"バター","ばたー","ninjal-educational-vocab-1984","duplicate_kana_cross_source","same kana already accepted from ninjal-basic-vocab-2009"
"ベッド","べっど","ninjal-educational-vocab-1984","duplicate_kana_cross_source","same kana already accepted from ninjal-basic-vocab-2009"
"インキ","いんき","ninjal-educational-vocab-1984","review_all_source","source is configured for manual review"
"インク","いんく","ninjal-educational-vocab-1984","review_all_source","source is configured for manual review"
"ほのお","ほのお","ninjal-educational-vocab-1984","duplicate_kana_cross_source","same kana already accepted from ninjal-basic-vocab-2009"
"すすき","すすき","ninjal-educational-vocab-1984","duplicate_kana_cross_source","same kana already accepted from ninjal-basic-vocab-2009"
"ちょうちょう","ちょうちょう","ninjal-educational-vocab-1984","duplicate_kana_cross_source","same kana already accepted from ninjal-basic-vocab-2009"
"られ","られ","ninjal-educational-vocab-1984","review_all_source","source is configured for manual review"
"かぶり","かぶり","ninjal-educational-vocab-1984","review_all_source","source is configured for manual review"
"まじり","まじり","ninjal-educational-vocab-1984","review_all_source","source is configured for manual review"
"まぜ","まぜ","ninjal-educational-vocab-1984","review_all_source","source is configured for manual review"
"あり","あり","ninjal-educational-vocab-1984","duplicate_kana_cross_source","same kana already accepted from ninjal-basic-vocab-2009"
"ございまし","ございまし","ninjal-educational-vocab-1984","review_all_source","source is configured for manual review"
"おり","おり","ninjal-educational-vocab-1984","duplicate_kana_cross_source","same kana already accepted from ninjal-basic-vocab-2009"
"いらっしゃり","いらっしゃり","ninjal-educational-vocab-1984","review_all_source","source is configured for manual review"
"いり","いり","ninjal-educational-vocab-1984","duplicate_kana_cross_source","same kana already accepted from ninjal-basic-vocab-2009"
"わき","わき","ninjal-educational-vocab-1984","duplicate_kana_cross_source","same kana already accepted from ninjal-basic-vocab-2009"
"なくなり","なくなり","ninjal-educational-vocab-1984","review_all_source","source is configured for manual review"
"なくし","なくし","ninjal-educational-vocab-1984","review_all_source","source is configured for manual review"
"はずし","はずし","ninjal-educational-vocab-1984","review_all_source","source is configured for manual review"
"そろい","そろい","ninjal-educational-vocab-1984","duplicate_kana_cross_source","same kana already accepted from ninjal-basic-vocab-2009"
"そろえ","そろえ","ninjal-educational-vocab-1984","review_all_source","source is configured for manual review"
"でき","でき","ninjal-educational-vocab-1984","duplicate_kana_cross_source","same kana already accepted from ninjal-basic-vocab-2009"
"こわし","こわし","ninjal-educational-vocab-1984","review_all_source","source is configured for manual review"
"こみ","こみ","ninjal-educational-vocab-1984","review_all_source","source is configured for manual review"
"なおり","なおり","ninjal-educational-vocab-1984","review_all_source","source is configured for manual review"
"なおし","なおし","ninjal-educational-vocab-1984","duplicate_kana_cross_source","same kana already accepted from ninjal-basic-vocab-2009"
"しまい","しまい","ninjal-educational-vocab-1984","duplicate_kana_cross_source","same kana already accepted from ninjal-basic-vocab-2009"
"やみ","やみ","ninjal-educational-vocab-1984","duplicate_kana_cross_source","same kana already accepted from ninjal-basic-vocab-2009"
"やめ","やめ","ninjal-educational-vocab-1984","duplicate_kana_cross_source","same kana already accepted from ninjal-basic-vocab-2009"
"かたづけ","かたづけ","ninjal-educational-vocab-1984","review_all_source","source is configured for manual review"
"まわし","まわし","ninjal-educational-vocab-1984","duplicate_kana_cross_source","same kana already accepted from ninjal-basic-vocab-2009"
"すわり","すわり","ninjal-educational-vocab-1984","duplicate_kana_cross_source","same kana already accepted from ninjal-basic-vocab-2009"
"ころび","ころび","ninjal-educational-vocab-1984","review_all_source","source is configured for manual review"
"はめ","はめ","ninjal-educational-vocab-1984","review_all_source","source is configured for manual review"
"ひっこし","ひっこし","ninjal-educational-vocab-1984","duplicate_kana_cross_source","same kana already accepted from ninjal-basic-vocab-2009"
"すべり","すべり","ninjal-educational-vocab-1984","duplicate_kana_cross_source","same kana already accepted from ninjal-basic-vocab-2009"
"はやり","はやり","ninjal-educational-vocab-1984","review_all_source","source is configured for manual review"
"はいり","はいり","ninjal-educational-vocab-1984","review_all_source","source is configured for manual review"
"いれ","いれ","ninjal-educational-vocab-1984","duplicate_kana_cross_source","same kana already accepted from ninjal-basic-vocab-2009"
"もれ","もれ","ninjal-educational-vocab-1984","review_all_source","source is configured for manual review"
"おろし","おろし","ninjal-educational-vocab-1984","duplicate_kana_cross_source","same kana already accepted from ninjal-basic-vocab-2009"
"まとめ","まとめ","ninjal-educational-vocab-1984","duplicate_kana_cross_source","same kana already accepted from ninjal-basic-vocab-2009"
"あけ","あけ","ninjal-educational-vocab-1984","review_all_source","source is configured for manual review"
"つなぎ","つなぎ","ninjal-educational-vocab-1984","duplicate_kana_cross_source","same kana already accepted from ninjal-basic-vocab-2009"
"しばり","しばり","ninjal-educational-vocab-1984","duplicate_kana_cross_source","same kana already accepted from ninjal-basic-vocab-2009"
"さわり","さわり","ninjal-educational-vocab-1984","duplicate_kana_cross_source","same kana already accepted from ninjal-basic-vocab-2009"
"たたき","たたき","ninjal-educational-vocab-1984","duplicate_kana_cross_source","same kana already accepted from ninjal-basic-vocab-2009"
"ひっぱり","ひっぱり","ninjal-educational-vocab-1984","review_all_source","source is configured for manual review"
"こすり","こすり","ninjal-educational-vocab-1984","review_all_source","source is configured for manual review"
"こわれ","こわれ","ninjal-educational-vocab-1984","review_all_source","source is configured for manual review"
"つぶれ","つぶれ","ninjal-educational-vocab-1984","review_all_source","source is configured for manual review"
"くずれ","くずれ","ninjal-educational-vocab-1984","duplicate_kana_cross_source","same kana already accepted from ninjal-basic-vocab-2009"
"むき","むき","ninjal-educational-vocab-1984","duplicate_kana_cross_source","same kana already accepted from ninjal-basic-vocab-2009"
"たまり","たまり","ninjal-educational-vocab-1984","review_all_source","source is configured for manual review"
"いたみ","いたみ","ninjal-educational-vocab-1984","duplicate_kana_cross_source","same kana already accepted from ninjal-basic-vocab-2009"
"おこり","おこり","ninjal-educational-vocab-1984","duplicate_kana_cross_source","same kana already accepted from ninjal-basic-vocab-2009"
"あわて","あわて","ninjal-educational-vocab-1984","duplicate_kana_cross_source","same kana already accepted from ninjal-basic-vocab-2009"
"かわいがり","かわいがり","ninjal-educational-vocab-1984","review_all_source","source is configured for manual review"
"がんばり","がんばり","ninjal-educational-vocab-1984","duplicate_kana_cross_source","same kana already accepted from ninjal-basic-vocab-2009"
"あきらめ","あきらめ","ninjal-educational-vocab-1984","duplicate_kana_cross_source","same kana already accepted from ninjal-basic-vocab-2009"
"ならい","ならい","ninjal-educational-vocab-1984","duplicate_kana_cross_source","same kana already accepted from ninjal-basic-vocab-2009"
"おぼえ","おぼえ","ninjal-educational-vocab-1984","duplicate_kana_cross_source","same kana already accepted from ninjal-basic-vocab-2009"
"わかり","わかり","ninjal-educational-vocab-1984","duplicate_kana_cross_source","same kana already accepted from ninjal-basic-vocab-2009"
"ためし","ためし","ninjal-educational-vocab-1984","duplicate_kana_cross_source","same kana already accepted from ninjal-basic-vocab-2009"
"計測量","はかり","ninjal-educational-vocab-1984","duplicate_kana_cross_source","same kana already accepted from ninjal-basic-vocab-2009"
"きまり","きまり","ninjal-educational-vocab-1984","duplicate_kana_cross_source","same kana already accepted from ninjal-basic-vocab-2009"
"きめ","きめ","ninjal-educational-vocab-1984","review_all_source","source is configured for manual review"
"おっしゃり","おっしゃり","ninjal-educational-vocab-1984","review_all_source","source is configured for manual review"
"しゃべり","しゃべり","ninjal-educational-vocab-1984","duplicate_kana_cross_source","same kana already accepted from ninjal-basic-vocab-2009"
"だまり","だまり","ninjal-educational-vocab-1984","review_all_source","source is configured for manual review"
"かせぎ","かせぎ","ninjal-educational-vocab-1984","review_all_source","source is configured for manual review"
"はき","はき","ninjal-educational-vocab-1984","review_all_source","source is configured for manual review"
"つかまえ","つかまえ","ninjal-educational-vocab-1984","review_all_source","source is configured for manual review"
"つかみ","つかみ","ninjal-educational-vocab-1984","duplicate_kana_cross_source","same kana already accepted from ninjal-basic-vocab-2009"
"され","され","ninjal-educational-vocab-1984","review_all_source","source is configured for manual review"
"させられ","させられ","ninjal-educational-vocab-1984","review_all_source","source is configured for manual review"
"させ","させ","ninjal-educational-vocab-1984","review_all_source","source is configured for manual review"
"やり","やり","ninjal-educational-vocab-1984","duplicate_kana_cross_source","same kana already accepted from ninjal-basic-vocab-2009"
"なさり","なさり","ninjal-educational-vocab-1984","review_all_source","source is configured for manual review"
"いたし","いたし","ninjal-educational-vocab-1984","review_all_source","source is configured for manual review"
"ことわり","ことわり","ninjal-educational-vocab-1984","duplicate_kana_cross_source","same kana already accepted from ninjal-basic-vocab-2009"
"よけ","よけ","ninjal-educational-vocab-1984","review_all_source","source is configured for manual review"
"やとい","やとい","ninjal-educational-vocab-1984","duplicate_kana_cross_source","same kana already accepted from ninjal-basic-vocab-2009"
"あやまり","あやまり","ninjal-educational-vocab-1984","duplicate_kana_cross_source","same kana already accepted from ninjal-basic-vocab-2009"
"ほめ","ほめ","ninjal-educational-vocab-1984","review_all_source","source is configured for manual review"
"しかり","しかり","ninjal-educational-vocab-1984","review_all_source","source is configured for manual review"
"だまし","だまし","ninjal-educational-vocab-1984","duplicate_kana_cross_source","same kana already accepted from ninjal-basic-vocab-2009"
"くれ","くれ","ninjal-educational-vocab-1984","duplicate_kana_cross_source","same kana already accepted from ninjal-basic-vocab-2009"
"くださり","くださり","ninjal-educational-vocab-1984","review_all_source","source is configured for manual review"
"もらい","もらい","ninjal-educational-vocab-1984","duplicate_kana_cross_source","same kana already accepted from ninjal-basic-vocab-2009"
"いただき","いただき","ninjal-educational-vocab-1984","duplicate_kana_cross_source","same kana already accepted from ninjal-basic-vocab-2009"
"よごれ","よごれ","ninjal-educational-vocab-1984","duplicate_kana_cross_source","same kana already accepted from ninjal-basic-vocab-2009"
"よごし","よごし","ninjal-educational-vocab-1984","review_all_source","source is configured for manual review"
"ゆで","ゆで","ninjal-educational-vocab-1984","review_all_source","source is configured for manual review"
"やせ","やせ","ninjal-educational-vocab-1984","review_all_source","source is configured for manual review"
"くさり","くさり","ninjal-educational-vocab-1984","duplicate_kana_cross_source","same kana already accepted from ninjal-basic-vocab-2009"
"おも","おも","ninjal-educational-vocab-1984","review_all_source","source is configured for manual review"
"ちゃん","ちゃん","ninjal-educational-vocab-1984","review_all_source","source is configured for manual review"
"きちん","きちん","ninjal-educational-vocab-1984","review_all_source","source is configured for manual review"
"みたい","みたい","ninjal-educational-vocab-1984","review_all_source","source is configured for manual review"
"らし","らし","ninjal-educational-vocab-1984","review_all_source","source is configured for manual review"
"まま","まま","ninjal-educational-vocab-1984","duplicate_kana_cross_source","same kana already accepted from ninjal-basic-vocab-2009"
"やさし","やさし","ninjal-educational-vocab-1984","review_all_source","source is configured for manual review"
"やす","やす","ninjal-educational-vocab-1984","review_all_source","source is configured for manual review"
"むずかし","むずかし","ninjal-educational-vocab-1984","review_all_source","source is configured for manual review"
"おかし","おかし","ninjal-educational-vocab-1984","review_all_source","source is configured for manual review"
"よろし","よろし","ninjal-educational-vocab-1984","review_all_source","source is configured for manual review"
"いけな","いけな","ninjal-educational-vocab-1984","review_all_source","source is configured for manual review"
"あぶな","あぶな","ninjal-educational-vocab-1984","review_all_source","source is configured for manual review"
"ひど","ひど","ninjal-educational-vocab-1984","review_all_source","source is configured for manual review"
"じき","じき","ninjal-educational-vocab-1984","duplicate_kana_cross_source","same kana already accepted from ninjal-basic-vocab-2009"
"こまか","こまか","ninjal-educational-vocab-1984","review_all_source","source is configured for manual review"
"これだけ","これだけ","ninjal-educational-vocab-1984","review_all_source","source is configured for manual review"
"それだけ","それだけ","ninjal-educational-vocab-1984","review_all_source","source is configured for manual review"
"みんな","みんな","ninjal-educational-vocab-1984","duplicate_kana_cross_source","same kana already accepted from ninjal-basic-vocab-2009"
"これくらい","これくらい","ninjal-educational-vocab-1984","review_all_source","source is configured for manual review"
"これほど","これほど","ninjal-educational-vocab-1984","review_all_source","source is configured for manual review"
"それほど","それほど","ninjal-educational-vocab-1984","review_all_source","source is configured for manual review"
"ずっ","ずっ","ninjal-educational-vocab-1984","review_all_source","source is configured for manual review"
"あまり","あまり","ninjal-educational-vocab-1984","duplicate_kana_cross_source","same kana already accepted from ninjal-basic-vocab-2009"
"かゆ","かゆ","ninjal-educational-vocab-1984","duplicate_kana_cross_source","same kana already accepted from ninjal-basic-vocab-2009"
"つまらな","つまらな","ninjal-educational-vocab-1984","review_all_source","source is configured for manual review"
"さびし","さびし","ninjal-educational-vocab-1984","review_all_source","source is configured for manual review"
"こわ","こわ","ninjal-educational-vocab-1984","review_all_source","source is configured for manual review"
"ありがた","ありがた","ninjal-educational-vocab-1984","review_all_source","source is configured for manual review"
"なつかし","なつかし","ninjal-educational-vocab-1984","review_all_source","source is configured for manual review"
"うらやまし","うらやまし","ninjal-educational-vocab-1984","review_all_source","source is configured for manual review"
"かわい","かわい","ninjal-educational-vocab-1984","review_all_source","source is configured for manual review"
"かわいらし","かわいらし","ninjal-educational-vocab-1984","review_all_source","source is configured for manual review"
"うるさ","うるさ","ninjal-educational-vocab-1984","review_all_source","source is configured for manual review"
"やかまし","やかまし","ninjal-educational-vocab-1984","review_all_source","source is configured for manual review"
"めでた","めでた","ninjal-educational-vocab-1984","review_all_source","source is configured for manual review"
"ずる","ずる","ninjal-educational-vocab-1984","review_all_source","source is configured for manual review"
"おとなし","おとなし","ninjal-educational-vocab-1984","review_all_source","source is configured for manual review"
"きびし","きびし","ninjal-educational-vocab-1984","review_all_source","source is configured for manual review"
"おいし","おいし","ninjal-educational-vocab-1984","review_all_source","source is configured for manual review"
"ばかりか","ばかりか","ninjal-educational-vocab-1984","review_all_source","source is configured for manual review"
"ただし","ただし","ninjal-educational-vocab-1984","review_all_source","source is configured for manual review"
"やはり","やはり","ninjal-educational-vocab-1984","review_all_source","source is configured for manual review"
"さすが","さすが","ninjal-educational-vocab-1984","review_all_source","source is configured for manual review"
"たとい","たとい","ninjal-educational-vocab-1984","review_all_source","source is configured for manual review"
"いいえ","いいえ","ninjal-educational-vocab-1984","review_all_source","source is configured for manual review"
"さよなら","さよなら","ninjal-educational-vocab-1984","review_all_source","source is configured for manual review"
"さようなら","さようなら","ninjal-educational-vocab-1984","review_all_source","source is configured for manual review"
